Date & Time,"Internal Sensor - Temperature (C)","Internal Sensor - Humidity (%RH)","Internal Sensor - Heat Index (C)","pH-Header-Cont. - Custom Value","pH-Header-Cont. - Volts","pH-Header-Treat - Custom Value","pH-Header-Treat - Volts","Power Sensor","pH 1 Q - Temperature (C)","pH 1 Q - Custom Value","pH 1 Q - Volts","pH 2 Q - Temperature (C)","pH 2 Q - Custom Value","pH 2 Q - Volts","Salinity 3 - Temperature (C)","Salinity 3 - Custom Value","Salinity 3 - Volts","Salinity 4 - Temperature (C)","Salinity 4 - Custom Value","Salinity 4 - Volts","Tank 3 - Temperature (C)","Tank 6 - Temperature (C)","pH-Exp-Treat. - Temperature (C)","pH-Exp-Treat. - Custom Value","pH-Exp-Treat. - Volts","pH-Exp-Cont. - Temperature (C)","pH-Exp-Cont. - Custom Value","pH-Exp-Cont. - Volts","Switch Sen 1","Switch Sen 2","Switch Sen 3","Switch Sen 4","Switch Sen 5","Switch Sen 6","Switch Sen 7","Switch Sen 8","Switch Sen 9","Switch Sen 10","Switch Sen 11","Switch Sen 12","Switch Sen 13","Switch Sen 14","Switch Sen 15","Switch Sen 16","Relay Output 1 - Relay Output","Relay Output 2 - Relay Output","Light Tower 1","Light Tower 2","Q Tank 1 - Temperature (C)","Q Tank 1 - Power","Treatment A - Temperature (C)","Treatment B - Temperature (C)","WiSH 1 Switch","Header Tanks - Temperature (C)","Header Tanks - Power","Header 1 - Temperature (C)","Header 2 - Temperature (C)","WiSH 6 Switch","Q Tank 2 - Temperature (C)","Q Tank 2 - Power","Control A - Temperature (C)","Control B - Temperature (C)","WiSH 7 Switch","WiSH Ceiling - Temperature (C)","WiSH Ceiling - Power","Tank 5 - Temperature (C)","Tank 2 - Temperature (C)","WiSH 8 Switch"
8/2/16 - 0:04:43,25.70,35.83,25.70,8.00,4.20,7.43,3.97,0,28.60,7.94,3.27,29.40,7.56,3.16,28.00,31.00,2.55,27.80,23.40,2.17,20.25,21.06,29.70,8.12,4.25,31.90,8.30,4.32,,,,,,,,,,,,,,,,,0,0,,,16.60,4.63,14.66,15.87,0,25.60,4.62,18.43,18.43,0,16.60,4.72,14.56,14.85,0,,,,,
8/2/16 - 0:09:53,25.70,36.17,25.70,8.00,4.20,7.43,3.97,0,28.60,7.98,3.28,29.30,7.56,3.16,28.00,31.00,2.55,27.80,23.40,2.17,20.18,21.18,29.70,8.10,4.24,31.40,8.30,4.32,,,,,,,,,,,,,,,,,0,0,,,16.60,4.63,14.66,15.87,0,25.80,4.61,18.37,18.43,0,16.50,4.72,14.56,14.85,0,,,,,
8/2/16 - 0:15:03,25.70,35.83,25.70,8.00,4.20,7.43,3.97,0,28.50,7.94,3.27,29.30,7.60,3.17,28.00,31.20,2.56,27.60,23.40,2.17,20.25,21.06,29.70,8.10,4.24,31.40,8.30,4.32,,,,,,,,,,,,,,,,,0,0,,,16.40,4.63,14.60,15.75,0,25.90,4.61,18.43,18.43,0,16.50,4.72,14.50,14.85,0,,,,,
8/2/16 - 0:21:41,25.60,36.17,25.60,8.00,4.20,7.43,3.97,0,28.40,7.98,3.28,29.20,7.56,3.16,27.90,31.00,2.55,27.70,23.40,2.17,20.18,20.87,29.80,8.10,4.24,31.60,8.25,4.30,,,,,,,,,,,,,,,,,0,0,,,16.30,4.63,14.53,15.75,0,25.70,4.61,18.43,18.43,0,16.30,4.72,14.43,14.78,0,,,,,
8/2/16 - 0:26:51,25.50,36.17,25.50,8.00,4.20,7.48,3.99,0,28.50,7.98,3.28,29.20,7.56,3.16,27.90,31.00,2.55,27.60,23.40,2.17,20.12,20.93,29.60,8.10,4.24,31.70,8.27,4.31,,,,,,,,,,,,,,,,,0,0,,,16.40,4.63,14.53,15.75,0,25.60,4.61,18.37,18.43,0,16.30,4.73,14.37,14.72,0,,,,,
8/2/16 - 0:32:00,25.40,36.17,25.40,8.00,4.20,7.48,3.99,0,28.40,7.98,3.28,29.10,7.56,3.16,27.70,31.20,2.56,27.50,23.40,2.17,20.12,21.06,29.70,8.10,4.24,31.70,8.30,4.32,,,,,,,,,,,,,,,,,0,0,,,16.20,4.64,14.47,15.68,0,25.80,4.61,18.37,18.43,0,16.30,4.72,14.37,14.72,0,,,,,
8/2/16 - 0:37:10,25.40,36.17,25.40,8.00,4.20,7.48,3.99,0,28.50,8.02,3.29,29.10,7.56,3.16,27.70,31.00,2.55,27.40,23.40,2.17,20.12,20.93,29.70,8.12,4.25,31.20,8.30,4.32,,,,,,,,,,,,,,,,,0,0,,,16.30,4.63,14.41,15.68,0,25.80,4.62,18.43,18.43,0,16.20,4.72,14.31,14.60,0,,,,,
8/2/16 - 0:42:20,25.40,36.50,25.40,8.00,4.20,7.52,4.01,0,28.50,7.98,3.28,29.00,7.60,3.17,27.60,31.00,2.55,27.50,23.40,2.17,20.06,20.75,29.40,8.10,4.24,31.40,8.27,4.31,,,,,,,,,,,,,,,,,0,0,,,16.30,4.63,14.41,15.62,0,25.70,4.62,18.37,18.43,0,16.20,4.72,14.25,14.60,0,,,,,
8/2/16 - 0:47:30,25.30,36.50,25.30,8.05,4.22,7.52,4.01,0,28.30,7.98,3.28,29.10,7.56,3.16,27.60,31.20,2.56,27.40,23.40,2.17,20.06,20.87,29.30,8.12,4.25,30.90,8.30,4.32,,,,,,,,,,,,,,,,,0,0,,,16.10,4.63,14.35,15.56,0,25.70,4.62,18.37,18.43,0,16.20,4.72,14.18,14.53,0,,,,,
8/2/16 - 0:52:40,25.30,36.17,25.30,8.00,4.20,7.52,4.01,0,28.20,7.98,3.28,29.00,7.60,3.17,27.50,31.20,2.56,27.20,23.80,2.19,20.06,20.93,29.60,8.10,4.24,31.30,8.27,4.31,,,,,,,,,,,,,,,,,0,0,,,16.10,4.63,14.35,15.56,0,25.80,4.61,18.37,18.50,0,16.10,4.72,14.12,14.53,0,,,,,
8/2/16 - 0:57:49,25.30,36.17,25.30,8.05,4.22,7.58,4.03,0,28.20,8.02,3.29,28.80,7.60,3.17,27.60,31.20,2.56,27.30,24.00,2.20,20.06,20.93,29.40,8.10,4.24,30.90,8.30,4.32,,,,,,,,,,,,,,,,,0,0,,,16.20,4.63,14.28,15.56,0,25.70,4.62,18.43,18.43,0,16.20,4.72,14.18,14.53,0,,,,,
8/2/16 - 1:03:36,25.20,36.50,25.20,8.00,4.20,7.58,4.03,0,28.10,8.02,3.29,28.90,7.56,3.16,27.60,31.00,2.55,27.30,23.40,2.17,20.00,20.62,29.30,8.12,4.25,31.40,8.30,4.32,,,,,,,,,,,,,,,,,0,0,,,16.20,4.64,14.28,15.50,0,25.50,4.62,18.37,18.43,0,16.30,4.72,14.18,14.47,0,,,,,
8/2/16 - 1:08:46,25.20,36.50,25.20,8.05,4.22,7.58,4.03,0,28.20,7.98,3.28,29.00,7.56,3.16,27.60,31.00,2.55,27.20,23.40,2.17,20.00,20.75,29.50,8.12,4.25,31.20,8.27,4.31,,,,,,,,,,,,,,,,,0,0,,,16.30,4.63,14.28,15.37,0,25.50,4.62,18.37,18.43,0,16.20,4.72,14.18,14.47,0,,,,,
8/2/16 - 1:13:56,25.20,36.50,25.20,8.05,4.22,7.58,4.03,0,28.20,8.02,3.29,28.90,7.60,3.17,27.50,30.80,2.54,27.30,23.60,2.18,20.00,20.81,29.20,8.12,4.25,31.20,8.27,4.31,,,,,,,,,,,,,,,,,0,0,,,16.20,4.63,14.28,15.43,0,25.60,4.61,18.37,18.43,0,16.20,4.72,14.12,14.41,0,,,,,
8/2/16 - 1:19:21,25.10,36.82,25.10,8.00,4.20,7.58,4.03,0,28.10,7.98,3.28,28.70,7.56,3.16,27.40,31.00,2.55,27.20,23.60,2.18,20.00,20.81,29.50,8.10,4.24,31.20,8.30,4.32,,,,,,,,,,,,,,,,,0,0,,,16.20,4.63,14.28,15.43,0,25.60,4.61,18.43,18.43,0,16.20,4.72,14.12,14.41,0,,,,,
8/2/16 - 1:24:31,25.20,36.50,25.20,8.00,4.20,7.60,4.04,0,28.00,7.98,3.28,28.80,7.60,3.17,27.40,31.00,2.55,27.30,23.40,2.17,19.93,20.56,29.30,8.12,4.25,31.20,8.30,4.32,,,,,,,,,,,,,,,,,0,0,,,16.30,4.63,14.28,15.43,0,25.50,4.62,18.37,18.43,0,16.30,4.72,14.12,14.47,0,,,,,
8/2/16 - 1:29:42,25.10,36.82,25.10,8.00,4.20,7.60,4.04,0,28.00,8.05,3.30,28.80,7.56,3.16,27.40,31.20,2.56,27.20,24.00,2.20,19.93,20.62,29.30,8.10,4.24,30.90,8.27,4.31,,,,,,,,,,,,,,,,,0,0,,,16.20,4.63,14.28,15.43,0,25.50,4.61,18.37,18.43,0,16.20,4.72,14.12,14.47,0,,,,,
8/2/16 - 1:37:38,25.10,36.82,25.10,8.00,4.20,7.60,4.04,0,28.10,8.02,3.29,28.60,7.56,3.16,27.30,31.40,2.57,27.10,23.40,2.17,19.93,20.68,29.30,8.10,4.24,31.20,8.27,4.31,,,,,,,,,,,,,,,,,0,0,,,16.20,4.63,14.28,15.37,0,25.70,4.61,18.43,18.43,0,16.20,4.72,14.12,14.47,0,,,,,
8/2/16 - 1:42:48,25.10,36.50,25.10,8.05,4.22,7.60,4.04,0,27.90,8.02,3.29,28.80,7.56,3.16,27.30,31.00,2.55,27.10,23.60,2.18,19.87,20.56,29.00,8.12,4.25,30.80,8.27,4.31,,,,,,,,,,,,,,,,,0,0,,,16.00,4.63,14.22,15.37,0,25.50,4.61,18.37,18.43,0,16.10,4.72,14.12,14.47,0,,,,,
8/2/16 - 1:47:58,25.00,36.82,25.00,8.00,4.20,7.65,4.06,0,28.00,8.02,3.29,28.60,7.60,3.17,27.40,31.00,2.55,27.10,23.40,2.17,19.81,20.43,29.00,8.12,4.25,31.10,8.30,4.32,,,,,,,,,,,,,,,,,0,0,,,16.10,4.63,14.22,15.31,0,25.50,4.61,18.37,18.43,0,16.00,4.72,14.06,14.41,0,,,,,
8/2/16 - 1:53:08,24.90,36.82,24.90,8.05,4.22,7.65,4.06,0,27.90,7.98,3.28,28.80,7.60,3.17,27.30,31.00,2.55,27.20,23.20,2.16,19.87,20.50,29.20,8.12,4.25,31.10,8.30,4.32,,,,,,,,,,,,,,,,,0,0,,,16.10,4.63,14.22,15.31,0,25.60,4.61,18.37,18.43,0,16.00,4.72,14.06,14.41,0,,,,,
8/2/16 - 1:58:17,24.80,36.82,24.80,8.05,4.22,7.65,4.06,0,27.90,8.02,3.29,28.60,7.60,3.17,27.30,31.00,2.55,27.00,23.20,2.16,19.87,20.56,29.10,8.12,4.25,30.80,8.27,4.31,,,,,,,,,,,,,,,,,0,0,,,16.20,4.63,14.16,15.31,0,25.50,4.61,18.37,18.43,0,16.10,4.72,14.06,14.41,0,,,,,
8/2/16 - 2:04:08,24.90,36.82,24.90,8.00,4.20,7.65,4.06,0,28.00,8.02,3.29,28.50,7.60,3.17,27.20,31.00,2.55,27.00,23.20,2.16,19.87,20.43,29.00,8.12,4.25,30.70,8.27,4.31,,,,,,,,,,,,,,,,,0,0,,,16.30,4.63,14.22,15.37,0,25.50,4.61,18.37,18.43,0,16.30,4.72,14.12,14.47,0,,,,,
8/2/16 - 2:10:57,24.90,36.82,24.90,8.05,4.22,7.70,4.08,0,27.90,8.02,3.29,28.50,7.60,3.17,27.20,31.60,2.58,27.10,23.20,2.16,19.75,20.31,29.20,8.10,4.24,30.60,8.27,4.31,,,,,,,,,,,,,,,,,0,0,,,16.40,4.63,14.28,15.37,0,25.30,4.61,18.37,18.43,0,16.30,4.73,14.12,14.47,0,,,,,
8/2/16 - 2:16:07,24.80,36.82,24.80,8.05,4.22,7.65,4.06,0,27.90,8.02,3.29,28.50,7.56,3.16,27.20,31.00,2.55,26.80,23.40,2.17,19.81,20.43,28.80,8.15,4.26,30.50,8.27,4.31,,,,,,,,,,,,,,,,,0,0,,,16.50,4.63,14.28,15.37,0,25.50,4.61,18.37,18.43,0,16.50,4.72,14.18,14.47,0,,,,,
8/2/16 - 2:21:16,24.90,37.14,24.90,8.00,4.20,7.43,3.97,0,27.80,8.02,3.29,28.50,7.60,3.17,27.10,31.00,2.55,27.00,23.40,2.17,19.81,20.43,28.90,8.12,4.25,30.70,8.30,4.32,,,,,,,,,,,,,,,,,0,0,,,16.40,4.63,14.28,15.37,0,25.50,4.61,18.37,18.43,0,16.50,4.73,14.25,14.53,0,,,,,
8/2/16 - 2:26:26,24.80,36.82,24.80,8.00,4.20,7.40,3.96,0,27.70,8.02,3.29,28.50,7.60,3.17,27.00,31.00,2.55,27.10,23.40,2.17,19.68,20.31,29.00,8.15,4.26,30.90,8.27,4.31,,,,,,,,,,,,,,,,,0,0,,,16.30,4.63,14.35,15.37,0,25.40,4.61,18.37,18.43,0,16.40,4.72,14.18,14.53,0,,,,,
8/2/16 - 2:31:36,24.80,36.82,24.80,8.05,4.22,7.40,3.96,0,27.80,8.02,3.29,28.40,7.60,3.17,27.20,31.00,2.55,26.90,23.20,2.16,19.75,20.25,29.00,8.12,4.25,30.70,8.27,4.31,,,,,,,,,,,,,,,,,0,0,,,16.40,4.63,14.35,15.37,0,25.30,4.62,18.37,18.43,0,16.50,4.72,14.25,14.53,0,,,,,
8/2/16 - 2:36:46,24.70,37.14,24.70,8.05,4.22,7.40,3.96,0,27.80,8.02,3.29,28.40,7.60,3.17,27.00,31.00,2.55,26.90,23.20,2.16,19.75,20.43,28.80,8.10,4.24,30.50,8.27,4.31,,,,,,,,,,,,,,,,,0,0,,,16.50,4.63,14.35,15.43,0,25.30,4.61,18.37,18.43,0,16.50,4.72,14.31,14.60,0,,,,,
8/2/16 - 2:43:36,24.70,37.14,24.70,8.00,4.20,7.40,3.96,0,27.70,8.02,3.29,28.30,7.60,3.17,27.20,31.00,2.55,26.90,23.40,2.17,19.75,20.37,28.90,8.12,4.25,31.00,8.30,4.32,,,,,,,,,,,,,,,,,0,0,,,16.50,4.63,14.35,15.43,0,25.50,4.62,18.37,18.43,0,16.50,4.72,14.31,14.60,0,,,,,
8/2/16 - 2:48:46,24.70,37.14,24.70,8.05,4.22,7.43,3.97,0,27.70,8.02,3.29,28.30,7.60,3.17,27.10,31.20,2.56,26.80,23.40,2.17,19.68,20.31,28.80,8.12,4.25,30.50,8.27,4.31,,,,,,,,,,,,,,,,,0,0,,,16.60,4.63,14.41,15.43,0,25.30,4.61,18.37,18.43,0,16.70,4.73,14.31,14.60,0,,,,,
8/2/16 - 2:53:56,24.60,37.14,24.60,8.00,4.20,7.43,3.97,0,27.70,8.02,3.29,28.30,7.60,3.17,27.00,31.00,2.55,26.80,23.40,2.17,19.68,20.25,28.60,8.12,4.25,30.70,8.27,4.31,,,,,,,,,,,,,,,,,0,0,,,16.60,4.63,14.41,15.43,0,25.20,4.61,18.37,18.43,0,16.80,4.72,14.37,14.72,0,,,,,
8/2/16 - 2:59:26,24.60,37.14,24.60,8.00,4.20,7.43,3.97,0,27.70,8.02,3.29,28.20,7.60,3.17,27.10,31.00,2.55,26.70,23.20,2.16,19.68,20.37,28.70,8.10,4.24,30.40,8.27,4.31,,,,,,,,,,,,,,,,,0,0,,,16.60,4.63,14.47,15.37,0,25.50,4.62,18.37,18.43,0,16.80,4.72,14.37,14.72,0,,,,,
8/2/16 - 3:04:36,24.60,37.14,24.60,8.05,4.22,7.48,3.99,0,27.70,8.02,3.29,28.30,7.60,3.17,27.00,31.00,2.55,26.70,23.20,2.16,19.68,20.31,28.80,8.10,4.24,30.60,8.27,4.31,,,,,,,,,,,,,,,,,0,0,,,16.60,4.63,14.47,15.43,0,25.50,4.61,18.37,18.43,0,16.60,4.73,14.43,14.72,0,,,,,
8/2/16 - 3:10:16,24.60,37.14,24.60,8.00,4.20,7.48,3.99,0,27.60,8.02,3.29,28.30,7.60,3.17,27.00,31.40,2.57,26.70,23.40,2.17,19.68,20.43,28.70,8.10,4.24,30.40,8.27,4.31,,,,,,,,,,,,,,,,,0,0,,,16.70,4.63,14.47,15.43,0,25.20,4.61,18.37,18.43,0,16.70,4.72,14.43,14.72,0,,,,,
8/2/16 - 3:16:22,24.50,37.14,24.50,8.00,4.20,7.48,3.99,0,27.60,8.02,3.29,28.30,7.56,3.16,26.90,31.20,2.56,26.70,23.20,2.16,19.68,20.37,29.00,8.10,4.24,30.40,8.27,4.31,,,,,,,,,,,,,,,,,0,0,,,16.70,4.63,14.53,15.43,0,25.10,4.61,18.37,18.43,0,16.90,4.72,14.43,14.72,0,,,,,
8/2/16 - 3:21:32,24.60,37.14,24.60,8.00,4.20,7.48,3.99,0,27.60,8.02,3.29,28.20,7.60,3.17,27.00,31.20,2.56,26.60,23.20,2.16,19.68,20.31,28.80,8.10,4.24,30.60,8.27,4.31,,,,,,,,,,,,,,,,,0,0,,,16.70,4.63,14.53,15.43,0,25.40,4.61,18.37,18.43,0,16.80,4.72,14.50,14.78,0,,,,,
8/2/16 - 3:26:42,24.50,37.46,24.50,8.00,4.20,7.52,4.01,0,27.50,8.02,3.29,28.20,7.60,3.17,26.90,30.80,2.54,26.60,23.40,2.17,19.62,20.31,28.60,8.08,4.23,30.60,8.27,4.31,,,,,,,,,,,,,,,,,0,0,,,16.70,4.63,14.53,15.43,0,25.30,4.62,18.37,18.43,0,16.80,4.72,14.50,14.78,0,,,,,
8/2/16 - 3:32:06,24.50,37.14,24.50,8.00,4.20,7.52,4.01,0,27.60,8.02,3.29,28.10,7.60,3.17,26.90,31.00,2.55,26.70,23.40,2.17,19.68,20.37,28.80,8.10,4.24,30.40,8.27,4.31,,,,,,,,,,,,,,,,,0,0,,,16.70,4.63,14.53,15.43,0,25.10,4.61,18.37,18.43,0,16.90,4.73,14.50,14.78,0,,,,,
8/2/16 - 3:37:32,24.60,37.46,24.60,8.05,4.22,7.52,4.01,0,27.30,8.02,3.29,28.30,7.60,3.17,26.80,31.80,2.59,26.60,23.60,2.18,19.68,20.31,28.60,8.10,4.24,30.30,8.27,4.31,,,,,,,,,,,,,,,,,0,0,,,16.60,4.63,14.53,15.43,0,25.30,4.61,18.37,18.43,0,16.80,4.72,14.56,14.85,0,,,,,
8/2/16 - 3:43:45,24.50,37.14,24.50,8.00,4.20,7.52,4.01,0,27.50,8.02,3.29,28.20,7.60,3.17,26.80,31.00,2.55,26.60,23.40,2.17,19.62,20.25,28.90,8.10,4.24,30.40,8.25,4.30,,,,,,,,,,,,,,,,,0,0,,,16.80,4.64,14.53,15.50,0,25.40,4.62,18.37,18.43,0,16.80,4.72,14.56,14.85,0,,,,,
8/2/16 - 3:49:22,24.50,37.46,24.50,8.00,4.20,7.58,4.03,0,27.30,8.02,3.29,28.10,7.60,3.17,26.80,31.00,2.55,26.60,23.20,2.16,19.62,20.43,28.80,8.10,4.24,30.40,8.25,4.30,,,,,,,,,,,,,,,,,0,0,,,16.80,4.63,14.53,15.43,0,25.20,4.61,18.37,18.43,0,16.80,4.72,14.56,14.85,0,,,,,
8/2/16 - 3:54:32,24.30,37.46,24.30,8.00,4.20,7.58,4.03,0,27.50,8.02,3.29,28.10,7.60,3.17,26.70,30.80,2.54,26.60,23.20,2.16,19.68,20.31,28.40,8.08,4.23,30.60,8.27,4.31,,,,,,,,,,,,,,,,,0,0,,,16.80,4.63,14.53,15.50,0,25.10,4.61,18.37,18.43,0,16.80,4.72,14.56,14.85,0,,,,,
8/2/16 - 3:59:42,24.50,37.46,24.50,8.00,4.20,7.58,4.03,0,27.40,7.98,3.28,28.10,7.60,3.17,26.80,31.00,2.55,26.60,23.00,2.15,19.62,20.12,28.90,8.10,4.24,30.60,8.27,4.31,,,,,,,,,,,,,,,,,0,0,,,16.70,4.64,14.53,15.43,0,25.20,4.61,18.31,18.43,0,17.00,4.73,14.62,14.85,0,,,,,
8/2/16 - 4:05:05,24.40,37.14,24.40,8.05,4.22,7.60,4.04,0,27.40,8.02,3.29,28.20,7.60,3.17,26.80,31.00,2.55,26.70,23.40,2.17,19.62,20.31,28.50,8.08,4.23,30.20,8.27,4.31,,,,,,,,,,,,,,,,,0,0,,,16.70,4.64,14.53,15.43,0,25.30,4.61,18.37,18.43,0,16.80,4.72,14.56,14.91,0,,,,,
8/2/16 - 4:10:18,24.50,37.46,24.50,8.05,4.22,7.60,4.04,0,27.40,8.02,3.29,28.00,7.60,3.17,26.90,31.20,2.56,26.50,23.20,2.16,19.62,20.31,28.60,8.08,4.23,30.30,8.27,4.31,,,,,,,,,,,,,,,,,0,0,,,16.80,4.63,14.53,15.43,0,25.10,4.62,18.37,18.43,0,16.80,4.72,14.62,14.85,0,,,,,
8/2/16 - 4:15:27,24.40,37.14,24.40,8.05,4.22,7.60,4.04,0,27.40,8.02,3.29,28.00,7.60,3.17,26.80,31.00,2.55,26.50,23.20,2.16,19.62,20.25,28.40,8.08,4.23,30.20,8.25,4.30,,,,,,,,,,,,,,,,,0,0,,,16.80,4.63,14.53,15.43,0,25.10,4.61,18.37,18.43,0,16.80,4.72,14.56,14.85,0,,,,,
8/2/16 - 4:20:37,24.40,37.46,24.40,8.05,4.22,7.65,4.06,0,27.30,8.02,3.29,28.00,7.60,3.17,26.90,31.20,2.56,26.40,23.20,2.16,19.56,20.12,28.50,8.08,4.23,30.20,8.27,4.31,,,,,,,,,,,,,,,,,0,0,,,16.70,4.63,14.60,15.37,0,25.20,4.61,18.37,18.43,0,16.80,4.72,14.56,14.85,0,,,,,
8/2/16 - 4:27:18,24.30,37.46,24.30,8.05,4.22,7.65,4.06,0,27.40,8.02,3.29,28.00,7.60,3.17,26.80,31.20,2.56,26.40,23.40,2.17,19.56,20.12,28.50,8.08,4.23,30.30,8.27,4.31,,,,,,,,,,,,,,,,,0,0,,,16.70,4.63,14.53,15.37,0,25.30,4.61,18.37,18.43,0,16.90,4.72,14.62,14.85,0,,,,,
8/2/16 - 4:32:43,24.30,37.46,24.30,8.05,4.22,7.65,4.06,0,27.40,8.02,3.29,28.00,7.60,3.17,26.70,31.00,2.55,26.40,23.60,2.18,19.56,20.12,28.60,8.08,4.23,30.60,8.25,4.30,,,,,,,,,,,,,,,,,0,0,,,16.70,4.64,14.53,15.43,0,25.20,4.61,18.37,18.43,0,17.00,4.73,14.62,14.85,0,,,,,
8/2/16 - 4:38:59,24.30,37.46,24.30,8.05,4.22,7.65,4.06,0,27.40,8.02,3.29,28.00,7.60,3.17,26.70,31.00,2.55,26.40,23.20,2.16,19.56,20.12,28.70,8.08,4.23,30.10,8.27,4.31,,,,,,,,,,,,,,,,,0,0,,,16.60,4.63,14.53,15.43,0,25.10,4.61,18.31,18.43,0,16.80,4.72,14.56,14.85,0,,,,,
8/2/16 - 4:44:09,24.30,37.46,24.30,8.05,4.22,7.65,4.06,0,27.40,7.98,3.28,28.10,7.60,3.17,26.70,31.20,2.56,26.50,24.00,2.20,19.56,20.00,28.70,8.08,4.23,30.40,8.25,4.30,,,,,,,,,,,,,,,,,0,0,,,16.70,4.63,14.53,15.37,0,25.10,4.61,18.37,18.43,0,17.00,4.72,14.56,14.85,0,,,,,
8/2/16 - 4:50:47,24.30,37.46,24.30,8.05,4.22,7.65,4.06,0,27.30,8.02,3.29,28.00,7.60,3.17,26.70,31.20,2.56,26.50,23.40,2.17,19.56,20.06,28.50,8.08,4.23,30.30,8.25,4.30,,,,,,,,,,,,,,,,,0,0,,,16.60,4.63,14.47,15.37,0,25.20,4.62,18.31,18.43,0,16.80,4.73,14.56,14.85,0,,,,,
8/2/16 - 4:56:04,24.30,37.46,24.30,8.05,4.22,7.60,4.04,0,27.20,8.02,3.29,27.90,7.60,3.17,26.70,30.80,2.54,26.40,23.40,2.17,19.56,20.06,28.70,8.08,4.23,30.10,8.25,4.30,,,,,,,,,,,,,,,,,0,0,,,16.70,4.63,14.53,15.37,0,25.10,4.61,18.37,18.43,0,16.80,4.72,14.62,14.85,0,,,,,
8/2/16 - 5:02:29,24.30,37.46,24.30,8.05,4.22,7.48,3.99,0,27.20,8.02,3.29,27.90,7.60,3.17,26.70,31.20,2.56,26.30,23.40,2.17,19.56,20.00,28.20,8.05,4.22,30.20,8.25,4.30,,,,,,,,,,,,,,,,,0,0,,,16.80,4.63,14.53,15.37,0,25.00,4.62,18.37,18.43,0,17.00,4.72,14.56,14.85,0,,,,,
8/2/16 - 5:07:39,24.20,37.46,24.20,8.05,4.22,7.43,3.97,0,27.30,8.02,3.29,27.80,7.60,3.17,26.60,30.80,2.54,26.40,23.40,2.17,19.50,20.00,28.70,8.05,4.22,30.40,8.25,4.30,,,,,,,,,,,,,,,,,0,0,,,16.70,4.64,14.53,15.37,0,25.20,4.61,18.37,18.43,0,17.00,4.72,14.62,14.85,0,,,,,
8/2/16 - 5:12:51,24.20,37.46,24.20,8.05,4.22,7.43,3.97,0,27.30,7.98,3.28,28.00,7.60,3.17,26.60,31.00,2.55,26.40,23.40,2.17,19.50,20.00,28.50,8.08,4.23,30.00,8.25,4.30,,,,,,,,,,,,,,,,,0,0,,,16.80,4.63,14.53,15.37,0,25.20,4.61,18.31,18.43,0,17.10,4.72,14.62,14.91,0,,,,,
8/2/16 - 5:18:01,24.20,37.46,24.20,8.00,4.20,7.43,3.97,0,27.40,8.02,3.29,27.90,7.60,3.17,26.70,31.40,2.57,26.30,23.40,2.17,19.50,20.00,28.40,8.05,4.22,30.40,8.25,4.30,,,,,,,,,,,,,,,,,0,0,,,16.80,4.63,14.53,15.37,0,25.00,4.61,18.37,18.43,0,17.10,4.72,14.62,14.91,0,,,,,
8/2/16 - 5:23:11,24.30,37.46,24.30,8.05,4.22,7.43,3.97,0,27.20,8.02,3.29,27.90,7.60,3.17,26.60,30.80,2.54,26.30,23.40,2.17,19.50,20.00,28.50,8.08,4.23,30.20,8.22,4.29,,,,,,,,,,,,,,,,,0,0,,,16.80,4.64,14.53,15.37,0,25.00,4.61,18.37,18.43,0,16.90,4.73,14.62,14.91,0,,,,,
8/2/16 - 5:30:44,24.30,37.46,24.30,8.05,4.22,7.48,3.99,0,27.30,8.02,3.29,27.90,7.60,3.17,26.60,30.80,2.54,26.20,23.40,2.17,19.50,19.93,28.70,8.05,4.22,30.20,8.22,4.29,,,,,,,,,,,,,,,,,0,0,,,16.70,4.63,14.60,15.37,0,25.10,4.61,18.37,18.43,0,16.90,4.72,14.62,14.91,0,,,,,
8/2/16 - 5:35:54,24.20,37.46,24.20,8.05,4.22,7.48,3.99,0,27.20,8.02,3.29,27.90,7.60,3.17,26.50,31.00,2.55,26.30,23.40,2.17,19.50,19.93,28.30,8.05,4.22,30.00,8.25,4.30,,,,,,,,,,,,,,,,,0,0,,,16.90,4.63,14.60,15.31,0,25.00,4.61,18.31,18.37,0,17.00,4.73,14.62,14.91,0,,,,,
8/2/16 - 5:41:04,24.20,37.46,24.20,8.05,4.22,7.52,4.01,0,27.20,8.02,3.29,27.80,7.60,3.17,26.50,31.40,2.57,26.40,23.40,2.17,19.50,20.00,28.40,8.08,4.23,30.10,8.22,4.29,,,,,,,,,,,,,,,,,0,0,,,16.80,4.63,14.60,15.37,0,25.00,4.62,18.31,18.37,0,17.10,4.73,14.62,14.91,0,,,,,
8/2/16 - 5:46:32,24.20,37.46,24.20,8.05,4.22,7.52,4.01,0,27.20,8.02,3.29,27.90,7.60,3.17,26.70,31.40,2.57,26.40,23.60,2.18,19.50,19.93,28.30,8.05,4.22,29.90,8.22,4.29,,,,,,,,,,,,,,,,,0,0,,,16.80,4.64,14.60,15.37,0,25.10,4.61,18.37,18.43,0,17.00,4.72,14.62,14.91,0,,,,,
8/2/16 - 5:51:42,24.20,37.46,24.20,8.05,4.22,7.52,4.01,0,27.10,8.02,3.29,27.80,7.60,3.17,26.50,31.00,2.55,26.30,23.20,2.16,19.43,19.87,28.50,8.05,4.22,30.30,8.22,4.29,,,,,,,,,,,,,,,,,0,0,,,16.70,4.63,14.66,15.37,0,25.20,4.62,18.31,18.43,0,16.90,4.72,14.62,14.91,0,,,,,
8/2/16 - 5:56:51,24.20,37.46,24.20,8.05,4.22,7.52,4.01,0,27.20,8.02,3.29,27.90,7.60,3.17,26.40,31.40,2.57,26.40,23.80,2.19,19.43,20.00,28.70,8.05,4.22,30.30,8.22,4.29,,,,,,,,,,,,,,,,,0,0,,,16.70,4.64,14.66,15.37,0,24.90,4.62,18.37,18.37,0,16.90,4.73,14.62,14.91,0,,,,,
8/2/16 - 6:02:35,24.20,37.46,24.20,8.05,4.22,7.58,4.03,0,27.20,8.02,3.29,27.80,7.60,3.17,26.50,31.00,2.55,26.30,23.40,2.17,19.43,20.00,28.60,8.02,4.21,30.00,8.22,4.29,,,,,,,,,,,,,,,,,0,0,,,16.70,4.63,14.60,15.37,0,24.90,4.61,18.31,18.37,0,16.80,4.72,14.62,14.85,0,,,,,
8/2/16 - 6:07:45,24.10,37.79,24.10,8.05,4.22,7.58,4.03,0,27.20,8.02,3.29,27.90,7.60,3.17,26.40,31.20,2.56,26.30,23.40,2.17,19.43,19.93,28.40,8.05,4.22,30.00,8.22,4.29,,,,,,,,,,,,,,,,,0,0,,,16.80,4.63,14.60,15.37,0,25.00,4.61,18.31,18.43,0,16.80,4.72,14.62,14.91,0,,,,,
8/2/16 - 6:12:56,24.20,37.79,24.20,8.05,4.22,7.58,4.03,0,27.10,8.02,3.29,27.80,7.60,3.17,26.50,31.40,2.57,26.20,23.20,2.16,19.43,19.93,28.10,8.05,4.22,30.30,8.22,4.29,,,,,,,,,,,,,,,,,0,0,,,16.60,4.63,14.60,15.37,0,25.00,4.62,18.37,18.37,0,16.90,4.73,14.62,14.85,0,,,,,
8/2/16 - 6:18:25,24.30,37.79,24.30,8.05,4.22,7.58,4.03,0,27.20,7.98,3.28,27.80,7.60,3.17,26.50,31.00,2.55,26.20,23.20,2.16,19.37,20.06,28.30,8.05,4.22,30.00,8.22,4.29,,,,,,,,,,,,,,,,,0,0,,,16.70,4.63,14.60,15.37,0,25.00,4.61,18.31,18.37,0,16.80,4.72,14.62,14.85,0,,,,,
8/2/16 - 6:23:34,24.10,37.79,24.10,8.05,4.22,7.60,4.04,0,27.10,8.02,3.29,27.90,7.60,3.17,26.40,32.00,2.60,26.30,23.20,2.16,19.43,19.93,28.20,8.05,4.22,29.80,8.22,4.29,,,,,,,,,,,,,,,,,0,0,,,16.60,4.63,14.60,15.37,0,24.90,4.62,18.31,18.37,0,16.80,4.72,14.62,14.91,0,,,,,
8/2/16 - 6:28:44,24.10,37.79,24.10,8.05,4.22,7.60,4.04,0,27.20,8.02,3.29,27.60,7.60,3.17,26.40,31.60,2.58,26.20,23.40,2.17,19.37,20.00,28.50,8.05,4.22,30.40,8.20,4.28,,,,,,,,,,,,,,,,,0,0,,,16.70,4.63,14.60,15.37,0,24.90,4.61,18.31,18.37,0,16.80,4.72,14.56,14.85,0,,,,,
8/2/16 - 6:35:08,24.30,37.79,24.30,8.05,4.22,7.60,4.04,0,27.20,8.02,3.29,27.80,7.60,3.17,26.60,31.60,2.58,26.30,23.40,2.17,19.37,19.93,28.10,8.05,4.22,29.70,8.20,4.28,,,,,,,,,,,,,,,,,0,0,,,16.80,4.63,14.66,15.37,0,25.10,4.61,18.31,18.37,0,16.80,4.72,14.62,14.91,0,,,,,
8/2/16 - 6:40:18,24.10,37.79,24.10,8.05,4.22,7.65,4.06,0,27.10,7.98,3.28,27.70,7.60,3.17,26.40,31.20,2.56,26.30,23.80,2.19,19.31,20.00,28.40,8.05,4.22,29.90,8.20,4.28,,,,,,,,,,,,,,,,,0,0,,,16.70,4.63,14.66,15.31,0,24.90,4.62,18.31,18.37,0,16.90,4.72,14.62,14.91,0,,,,,
8/2/16 - 6:45:28,24.10,37.79,24.10,8.05,4.22,7.65,4.06,0,27.10,8.02,3.29,27.70,7.60,3.17,26.50,31.20,2.56,26.30,23.40,2.17,19.37,19.87,28.30,8.05,4.22,29.80,8.22,4.29,,,,,,,,,,,,,,,,,0,0,,,16.70,4.64,14.66,15.37,0,24.90,4.62,18.31,18.37,0,16.90,4.72,14.62,14.91,0,,,,,
8/2/16 - 6:50:38,24.10,37.79,24.10,8.05,4.22,7.65,4.06,0,27.10,8.02,3.29,27.80,7.60,3.17,26.50,31.00,2.55,26.20,23.20,2.16,19.37,20.00,28.50,8.05,4.22,30.10,8.22,4.29,,,,,,,,,,,,,,,,,0,0,,,16.80,4.63,14.66,15.37,0,25.00,4.61,18.31,18.37,0,16.90,4.72,14.68,14.91,0,,,,,
8/2/16 - 6:55:47,24.00,37.79,24.00,8.05,4.22,7.65,4.06,0,27.10,8.02,3.29,27.70,7.60,3.17,26.40,31.20,2.56,26.20,23.40,2.17,19.31,19.81,28.40,8.05,4.22,29.90,8.20,4.28,,,,,,,,,,,,,,,,,0,0,,,16.70,4.64,14.66,15.31,0,25.00,4.62,18.31,18.37,0,16.90,4.72,14.62,14.91,0,,,,,
8/2/16 - 7:00:57,24.10,38.11,24.10,8.05,4.22,7.70,4.08,0,27.10,7.98,3.28,27.70,7.60,3.17,26.40,30.80,2.54,26.20,23.20,2.16,19.31,19.87,28.30,8.05,4.22,30.10,8.20,4.28,,,,,,,,,,,,,,,,,0,0,,,16.70,4.63,14.60,15.31,0,24.80,4.61,18.31,18.37,0,16.90,4.72,14.62,14.91,0,,,,,
8/2/16 - 7:06:31,24.10,38.11,24.10,8.05,4.22,7.65,4.06,0,27.10,8.02,3.29,27.70,7.60,3.17,26.40,31.00,2.55,26.30,23.20,2.16,19.31,19.93,28.40,8.05,4.22,29.90,8.20,4.28,,,,,,,,,,,,,,,,,0,0,,,16.70,4.63,14.66,15.31,0,25.00,4.62,18.31,18.37,0,16.90,4.72,14.62,14.91,0,,,,,
8/2/16 - 7:11:41,24.10,37.79,24.10,8.05,4.22,7.52,4.01,0,27.20,8.05,3.30,27.70,7.60,3.17,26.50,31.00,2.55,26.10,23.20,2.16,19.37,20.00,28.30,8.05,4.22,30.10,8.20,4.28,,,,,,,,,,,,,,,,,0,0,,,16.70,4.63,14.66,15.31,0,25.00,4.62,18.31,18.43,0,16.80,4.72,14.68,14.91,0,,,,,
8/2/16 - 7:16:50,24.00,37.79,24.00,8.05,4.22,7.48,3.99,0,27.00,8.02,3.29,27.70,7.60,3.17,26.40,31.40,2.57,26.20,23.40,2.17,19.31,19.81,28.40,8.05,4.22,29.90,8.20,4.28,,,,,,,,,,,,,,,,,0,0,,,16.60,4.64,14.66,15.37,0,25.00,4.61,18.31,18.37,0,16.90,4.72,14.68,14.91,0,,,,,
8/2/16 - 7:22:00,24.00,37.79,24.00,8.05,4.22,7.48,3.99,0,27.10,8.02,3.29,27.60,7.60,3.17,26.50,31.20,2.56,26.10,23.60,2.18,19.31,19.75,28.00,8.05,4.22,30.20,8.17,4.27,,,,,,,,,,,,,,,,,0,0,,,16.80,4.63,14.72,15.37,0,24.80,4.61,18.31,18.37,0,17.00,4.73,14.75,14.97,0,,,,,
8/2/16 - 7:27:10,24.00,38.11,24.00,8.05,4.22,7.48,3.99,0,27.00,8.02,3.29,27.60,7.56,3.16,26.40,31.60,2.58,26.10,23.40,2.17,19.31,19.87,28.20,8.05,4.22,29.90,8.17,4.27,,,,,,,,,,,,,,,,,0,0,,,16.80,4.63,14.78,15.37,0,24.90,4.61,18.25,18.37,0,17.00,4.72,14.75,14.97,0,,,,,
8/2/16 - 7:32:20,24.00,38.11,24.00,8.05,4.22,7.48,3.99,0,27.00,8.02,3.29,27.80,7.60,3.17,26.30,31.20,2.56,26.10,23.20,2.16,19.37,19.93,28.00,8.05,4.22,29.80,8.20,4.28,,,,,,,,,,,,,,,,,0,0,,,16.90,4.63,14.78,15.37,0,25.00,4.62,18.31,18.37,0,17.00,4.72,14.75,14.97,0,,,,,
8/2/16 - 7:37:38,23.90,38.11,23.90,8.00,4.20,7.48,3.99,0,26.90,8.02,3.29,27.70,7.60,3.17,26.40,31.20,2.56,26.10,23.20,2.16,19.31,19.81,28.50,8.05,4.22,29.70,8.20,4.28,,,,,,,,,,,,,,,,,0,0,,,16.80,4.63,14.78,15.43,0,25.00,4.61,18.31,18.37,0,17.10,4.73,14.75,14.97,0,,,,,
8/2/16 - 7:42:47,23.90,38.11,23.90,8.05,4.22,7.52,4.01,0,27.10,8.02,3.29,27.60,7.56,3.16,26.40,31.00,2.55,26.10,23.60,2.18,19.25,19.68,28.30,8.02,4.21,29.60,8.17,4.27,,,,,,,,,,,,,,,,,0,0,,,16.80,4.63,14.85,15.43,0,24.80,4.61,18.31,18.31,0,17.00,4.72,14.81,14.97,0,,,,,
8/2/16 - 7:47:57,24.00,38.11,24.00,8.05,4.22,7.52,4.01,0,27.10,8.02,3.29,27.70,7.56,3.16,26.30,31.00,2.55,26.00,23.40,2.17,19.31,19.87,28.10,8.05,4.22,29.80,8.20,4.28,,,,,,,,,,,,,,,,,0,0,,,16.80,4.63,14.85,15.43,0,24.90,4.61,18.31,18.37,0,17.10,4.72,14.81,14.97,0,,,,,
8/2/16 - 7:54:18,23.90,38.11,23.90,8.05,4.22,7.52,4.01,0,26.90,8.02,3.29,27.60,7.56,3.16,26.40,31.00,2.55,26.10,23.40,2.17,19.31,19.93,27.90,8.05,4.22,29.80,8.17,4.27,,,,,,,,,,,,,,,,,0,0,,,16.80,4.63,14.85,15.43,0,25.00,4.61,18.25,18.37,0,16.90,4.72,14.87,15.03,0,,,,,
8/2/16 - 7:59:57,24.00,38.11,24.00,8.05,4.22,7.52,4.01,0,26.90,8.02,3.29,27.50,7.56,3.16,26.40,31.00,2.55,26.00,23.40,2.17,19.31,19.81,28.40,8.05,4.22,29.80,8.20,4.28,,,,,,,,,,,,,,,,,0,0,,,16.70,4.63,14.91,15.43,0,24.90,4.61,18.31,18.31,0,16.90,4.72,14.87,15.03,0,,,,,
8/2/16 - 8:05:07,23.90,38.11,23.90,8.05,4.22,7.58,4.03,0,26.90,7.98,3.28,27.50,7.56,3.16,26.50,30.80,2.54,26.20,23.60,2.18,19.25,19.81,28.10,8.08,4.23,30.10,8.17,4.27,,,,,,,,,,,,,,,,,0,0,,,16.80,4.63,14.91,15.50,0,24.80,4.62,18.25,18.31,0,17.00,4.72,14.87,15.03,0,,,,,
8/2/16 - 8:10:17,23.90,38.11,23.90,8.05,4.22,7.58,4.03,0,26.90,8.05,3.30,27.60,7.56,3.16,26.30,31.00,2.55,26.10,23.60,2.18,19.31,19.87,28.00,8.10,4.24,29.70,8.17,4.27,,,,,,,,,,,,,,,,,0,0,,,16.70,4.64,14.97,15.50,0,24.90,4.61,18.25,18.37,0,17.00,4.73,14.87,15.03,0,,,,,
8/2/16 - 8:15:27,23.90,38.11,23.90,8.05,4.22,7.58,4.03,0,27.10,8.05,3.30,27.60,7.56,3.16,26.30,31.60,2.58,26.10,23.60,2.18,19.25,20.06,28.00,8.08,4.23,29.70,8.15,4.26,,,,,,,,,,,,,,,,,0,0,,,16.90,4.63,14.97,15.50,0,25.00,4.62,18.31,18.31,0,16.90,4.72,14.87,15.03,0,,,,,
8/2/16 - 8:20:37,23.90,38.11,23.90,8.05,4.22,7.58,4.03,0,27.10,7.98,3.28,27.60,7.60,3.17,26.40,31.00,2.55,26.10,23.40,2.17,19.31,19.87,28.20,8.10,4.24,29.70,8.20,4.28,,,,,,,,,,,,,,,,,0,0,,,17.00,4.63,15.03,15.56,0,24.90,4.62,18.25,18.31,0,17.10,4.72,14.93,15.10,0,,,,,
8/2/16 - 8:25:46,23.90,38.11,23.90,8.05,4.22,7.60,4.04,0,26.90,8.05,3.30,27.60,7.56,3.16,26.30,31.20,2.56,26.10,23.40,2.17,19.25,19.75,28.00,8.08,4.23,30.10,8.20,4.28,,,,,,,,,,,,,,,,,0,0,,,16.90,4.63,15.03,15.56,0,24.80,4.61,18.25,18.31,0,17.20,4.72,15.00,15.03,0,,,,,
8/2/16 - 8:31:19,23.90,38.11,23.90,8.05,4.22,7.60,4.04,0,27.00,8.05,3.30,27.80,7.56,3.16,26.40,31.20,2.56,25.90,23.60,2.18,19.31,19.87,28.10,8.10,4.24,29.90,8.17,4.27,,,,,,,,,,,,,,,,,0,0,,,16.90,4.63,15.03,15.50,0,24.90,4.61,18.31,18.31,0,17.10,4.73,14.93,15.03,0,,,,,
8/2/16 - 8:36:34,23.90,38.11,23.90,8.05,4.22,7.60,4.04,0,27.00,8.02,3.29,27.70,7.56,3.16,26.30,31.00,2.55,26.10,23.40,2.17,19.31,20.00,28.30,8.08,4.23,29.70,8.20,4.28,,,,,,,,,,,,,,,,,0,0,,,16.90,4.63,15.10,15.56,0,25.00,4.61,18.25,18.31,0,17.20,4.72,15.00,15.10,0,,,,,
8/2/16 - 8:41:44,24.00,38.11,24.00,8.05,4.22,7.60,4.04,0,27.00,8.05,3.30,27.60,7.60,3.17,26.30,31.00,2.55,26.00,23.60,2.18,19.25,19.87,28.20,8.08,4.23,29.70,8.20,4.28,,,,,,,,,,,,,,,,,0,0,,,17.10,4.63,15.10,15.56,0,24.90,4.61,18.25,18.31,0,17.40,4.72,15.00,15.10,0,,,,,
8/2/16 - 8:48:09,23.90,38.11,23.90,8.05,4.22,7.65,4.06,0,27.00,8.05,3.30,27.70,7.60,3.17,26.20,31.00,2.55,26.00,23.60,2.18,19.25,19.75,28.20,8.08,4.23,30.10,8.22,4.29,,,,,,,,,,,,,,,,,0,0,,,17.20,4.64,15.16,15.62,0,24.90,4.61,18.25,18.31,0,17.20,4.73,15.12,15.16,0,,,,,
8/2/16 - 8:54:40,23.90,38.11,23.90,8.05,4.22,7.65,4.06,0,26.90,8.02,3.29,27.50,7.56,3.16,26.30,31.20,2.56,26.00,23.60,2.18,19.25,19.81,28.10,8.08,4.23,29.80,8.20,4.28,,,,,,,,,,,,,,,,,0,0,,,17.50,4.63,15.22,15.56,0,24.90,4.61,18.25,18.31,0,17.30,4.73,15.18,15.22,0,,,,,
8/2/16 - 9:00:02,24.00,38.11,24.00,8.05,4.22,7.65,4.06,0,26.90,8.02,3.29,27.60,7.56,3.16,26.40,28.80,2.44,26.00,23.60,2.18,19.37,20.12,28.30,8.05,4.22,30.00,8.20,4.28,,,,,,,,,,,,,,,,,0,0,,,20.60,4.63,15.22,15.68,0,25.00,4.61,18.25,18.31,0,19.90,4.73,15.25,15.22,0,,,,,
8/2/16 - 9:05:35,23.90,38.43,23.90,8.05,4.22,7.65,4.06,0,26.90,8.02,3.29,27.60,7.56,3.16,26.20,31.60,2.58,26.00,23.40,2.17,19.43,20.25,27.90,8.08,4.23,30.20,8.20,4.28,,,,,,,,,,,,,,,,,0,0,,,23.80,4.63,15.28,15.68,0,24.90,4.61,18.25,18.31,0,21.30,4.73,15.25,15.28,0,,,,,
8/2/16 - 9:10:45,23.90,38.43,23.90,8.05,4.22,7.70,4.08,0,27.00,8.02,3.29,27.70,7.56,3.16,26.30,31.00,2.55,26.10,23.40,2.17,19.50,20.31,28.10,8.05,4.22,29.80,8.17,4.27,,,,,,,,,,,,,,,,,0,0,,,23.90,4.63,15.35,15.75,0,25.00,4.62,18.25,18.31,0,21.80,4.73,15.37,15.28,0,,,,,
8/2/16 - 9:15:54,24.00,38.77,24.00,8.05,4.22,7.58,4.03,0,26.90,8.02,3.29,27.60,7.56,3.16,26.30,31.40,2.57,26.00,23.60,2.18,19.62,20.56,28.30,8.05,4.22,29.60,8.20,4.28,,,,,,,,,,,,,,,,,0,0,,,21.20,4.63,15.41,15.81,0,25.40,4.61,18.25,18.31,0,20.00,4.73,15.43,15.41,0,,,,,
8/2/16 - 9:21:04,24.10,39.09,24.10,8.05,4.22,7.43,3.97,0,27.10,8.02,3.29,27.60,7.56,3.16,26.40,31.00,2.55,26.10,23.00,2.15,19.68,20.56,28.30,8.05,4.22,29.70,8.20,4.28,,,,,,,,,,,,,,,,,0,0,,,20.10,4.64,15.41,15.87,0,25.30,4.62,18.25,18.31,0,19.10,4.73,15.50,15.41,0,,,,,
8/2/16 - 9:26:14,24.10,39.09,24.10,8.05,4.22,7.43,3.97,0,27.10,8.02,3.29,27.70,7.56,3.16,26.40,30.80,2.54,26.20,23.40,2.17,19.68,20.43,28.40,8.05,4.22,29.80,8.17,4.27,,,,,,,,,,,,,,,,,0,0,,,19.00,4.63,15.47,15.93,0,25.40,4.62,18.25,18.31,0,18.70,4.72,15.56,15.47,0,,,,,
8/2/16 - 9:31:24,24.10,39.41,24.10,8.05,4.22,7.43,3.97,0,27.10,8.02,3.29,27.70,7.56,3.16,26.50,31.00,2.55,26.20,23.80,2.19,19.81,20.56,28.30,8.05,4.22,29.90,8.17,4.27,,,,,,,,,,,,,,,,,0,0,,,19.00,4.63,15.53,16.06,0,25.30,4.61,18.18,18.31,0,18.70,4.72,15.62,15.47,0,,,,,
8/2/16 - 9:36:51,24.10,39.41,24.10,8.05,4.22,7.43,3.97,0,27.10,8.02,3.29,27.80,7.56,3.16,26.40,31.00,2.55,26.20,23.40,2.17,19.93,20.81,28.50,8.02,4.21,29.90,8.17,4.27,,,,,,,,,,,,,,,,,0,0,,,18.90,4.63,15.66,16.12,0,25.50,4.61,18.25,18.31,0,18.70,4.73,15.68,15.53,0,,,,,
8/2/16 - 9:42:19,24.20,39.41,24.20,8.05,4.22,7.43,3.97,0,27.20,8.02,3.29,27.90,7.56,3.16,26.60,31.20,2.56,26.30,23.40,2.17,19.93,20.43,28.50,8.02,4.21,29.80,8.17,4.27,,,,,,,,,,,,,,,,,0,0,,,20.20,4.64,15.78,16.25,0,25.60,4.61,18.25,18.31,0,19.50,4.73,15.75,15.66,0,,,,,
8/2/16 - 9:48:24,24.30,39.41,24.30,8.05,4.22,7.48,3.99,0,27.20,8.02,3.29,27.90,7.56,3.16,26.60,30.80,2.54,26.30,23.40,2.17,19.87,20.25,28.60,8.02,4.21,30.30,8.17,4.27,,,,,,,,,,,,,,,,,0,0,,,22.90,4.64,15.91,16.31,0,25.50,4.61,18.25,18.31,0,20.80,4.73,15.87,15.72,0,,,,,
8/2/16 - 9:55:36,24.30,39.41,24.30,8.05,4.22,7.48,3.99,0,27.30,8.02,3.29,27.90,7.56,3.16,26.70,31.20,2.56,26.50,23.40,2.17,19.87,20.25,28.50,8.02,4.21,30.40,8.17,4.27,,,,,,,,,,,,,,,,,0,0,,,24.40,4.64,16.03,16.37,0,25.40,4.61,18.25,18.31,0,22.20,4.72,16.00,15.78,0,,,,,
8/2/16 - 10:00:49,24.20,39.41,24.20,8.05,4.22,7.48,3.99,0,27.40,8.02,3.29,28.00,7.56,3.16,26.50,31.00,2.55,26.30,23.40,2.17,19.87,20.12,28.60,8.02,4.21,30.00,8.17,4.27,,,,,,,,,,,,,,,,,0,0,,,25.30,4.64,16.16,16.37,0,25.60,4.61,18.18,18.31,0,23.00,4.73,16.12,15.91,0,,,,,
8/2/16 - 10:07:21,24.30,39.41,24.30,8.05,4.22,7.52,4.01,0,27.30,7.98,3.28,27.80,7.56,3.16,26.60,31.00,2.55,26.40,23.40,2.17,19.87,19.93,28.30,8.00,4.20,30.10,8.15,4.26,,,,,,,,,,,,,,,,,0,0,,,25.60,4.64,16.16,16.50,0,25.40,4.61,18.18,18.31,0,23.40,4.73,16.18,15.97,0,,,,,
8/2/16 - 10:12:37,24.30,39.41,24.30,8.05,4.22,7.52,4.01,0,27.40,8.02,3.29,27.90,7.56,3.16,26.70,31.00,2.55,26.40,23.20,2.16,20.00,20.06,28.50,8.00,4.20,30.10,8.15,4.26,,,,,,,,,,,,,,,,,0,0,,,25.80,4.64,16.28,16.68,0,25.40,4.62,18.18,18.31,0,23.90,4.72,16.37,16.03,0,,,,,
8/2/16 - 10:17:47,24.30,39.41,24.30,8.05,4.22,7.52,4.01,0,27.20,8.02,3.29,27.90,7.56,3.16,26.70,30.80,2.54,26.40,23.40,2.17,20.00,20.37,28.50,8.00,4.20,30.40,8.15,4.26,,,,,,,,,,,,,,,,,0,0,,,26.30,4.64,16.47,16.87,0,25.60,4.61,18.18,18.25,0,24.10,4.73,16.56,16.16,0,,,,,
8/2/16 - 10:22:57,24.30,39.41,24.30,8.05,4.22,7.52,4.01,0,27.30,7.98,3.28,28.00,7.56,3.16,26.70,28.60,2.43,26.40,23.20,2.16,20.00,20.25,28.40,7.98,4.19,30.10,8.12,4.25,,,,,,,,,,,,,,,,,0,0,,,26.20,4.64,16.60,17.06,0,25.60,4.62,18.18,18.31,0,24.30,4.72,16.75,16.28,0,,,,,
8/2/16 - 10:28:13,24.40,39.74,24.40,8.05,4.22,7.58,4.03,0,27.30,8.02,3.29,27.90,7.60,3.17,26.70,31.20,2.56,26.50,23.60,2.18,20.00,20.31,28.60,8.00,4.20,30.40,8.12,4.25,,,,,,,,,,,,,,,,,0,0,,,26.40,4.64,16.78,17.43,0,25.60,4.62,18.18,18.25,0,24.40,4.73,16.87,16.41,0,,,,,
8/2/16 - 10:33:23,24.40,39.41,24.40,8.05,4.22,7.58,4.03,0,27.30,8.02,3.29,28.00,7.60,3.17,26.70,31.00,2.55,26.40,23.40,2.17,20.00,20.12,28.50,7.98,4.19,30.10,8.12,4.25,,,,,,,,,,,,,,,,,0,0,,,26.40,4.64,17.03,17.75,0,25.50,4.61,18.25,18.25,0,24.70,4.73,17.06,16.60,0,,,,,
8/2/16 - 10:39:20,24.30,39.41,24.30,8.05,4.22,7.60,4.04,0,27.50,8.02,3.29,28.00,7.56,3.16,26.80,31.00,2.55,26.30,23.40,2.17,20.00,20.31,28.80,7.92,4.17,29.90,8.10,4.24,,,,,,,,,,,,,,,,,0,0,,,26.80,4.64,17.22,17.75,0,25.60,4.61,18.18,18.25,0,24.90,4.73,17.31,16.78,0,,,,,
8/2/16 - 10:44:30,24.30,39.41,24.30,8.05,4.22,7.60,4.04,0,27.40,7.98,3.28,28.00,7.56,3.16,26.70,31.00,2.55,26.40,24.00,2.20,20.06,20.37,28.80,7.92,4.17,30.20,8.08,4.23,,,,,,,,,,,,,,,,,0,0,,,26.50,4.64,17.35,17.81,0,25.70,4.61,18.18,18.25,0,24.70,4.73,17.43,16.85,0,,,,,
8/2/16 - 10:49:39,24.40,39.41,24.40,8.05,4.22,7.60,4.04,0,27.30,7.98,3.28,28.00,7.56,3.16,26.80,31.00,2.55,26.50,23.60,2.18,20.12,20.37,28.50,7.95,4.18,30.20,8.05,4.22,,,,,,,,,,,,,,,,,0,0,,,26.80,4.64,17.53,18.00,0,25.60,4.62,18.18,18.25,0,25.00,4.73,17.62,17.03,0,,,,,
8/2/16 - 10:55:41,24.40,39.41,24.40,8.05,4.22,7.60,4.04,0,27.50,8.02,3.29,28.10,7.56,3.16,26.80,31.20,2.56,26.60,23.40,2.17,20.18,20.37,28.80,7.95,4.18,30.40,8.08,4.23,,,,,,,,,,,,,,,,,0,0,,,27.00,4.64,17.72,18.25,0,25.60,4.61,18.18,18.31,0,25.30,4.73,17.81,17.16,0,,,,,
8/2/16 - 11:00:51,24.60,39.41,24.60,8.05,4.22,7.60,4.04,0,27.50,7.98,3.28,28.10,7.56,3.16,26.80,31.20,2.56,26.60,23.40,2.17,20.18,20.31,28.80,7.92,4.17,30.20,8.08,4.23,,,,,,,,,,,,,,,,,0,0,,,26.90,4.64,17.85,18.56,0,25.70,4.61,18.18,18.31,0,25.60,4.73,18.00,17.41,0,,,,,
8/2/16 - 11:06:01,24.50,39.41,24.50,8.05,4.22,7.65,4.06,0,27.50,7.98,3.28,28.10,7.56,3.16,26.90,30.80,2.54,26.50,23.60,2.18,20.18,20.43,28.60,7.90,4.16,30.00,8.02,4.21,,,,,,,,,,,,,,,,,0,0,,,26.90,4.64,18.10,18.56,0,25.80,4.61,18.18,18.25,0,25.30,4.73,18.18,17.53,0,,,,,
8/2/16 - 11:12:19,24.60,39.41,24.60,8.05,4.22,7.65,4.06,0,27.50,7.94,3.27,28.10,7.56,3.16,26.80,31.00,2.55,26.60,23.60,2.18,20.25,20.56,28.80,7.90,4.16,30.30,8.00,4.20,,,,,,,,,,,,,,,,,0,0,,,27.10,4.64,18.16,18.62,0,25.70,4.61,18.18,18.25,0,25.50,4.73,18.25,17.60,0,,,,,
8/2/16 - 11:17:29,24.40,39.09,24.40,8.05,4.22,7.65,4.06,0,27.50,7.94,3.27,28.10,7.56,3.16,26.90,31.00,2.55,26.60,23.40,2.17,20.31,20.62,28.90,7.88,4.15,30.60,8.00,4.20,,,,,,,,,,,,,,,,,0,0,,,27.40,4.64,18.35,19.06,0,25.70,4.62,18.18,18.25,0,25.60,4.73,18.37,17.72,0,,,,,
8/2/16 - 11:22:39,24.50,39.09,24.50,8.05,4.22,7.65,4.06,0,27.60,7.94,3.27,28.10,7.56,3.16,27.00,31.00,2.55,26.70,23.60,2.18,20.37,20.62,28.90,7.82,4.13,30.50,7.95,4.18,,,,,,,,,,,,,,,,,0,0,,,27.30,4.64,18.47,19.12,0,25.80,4.61,18.18,18.25,0,25.70,4.72,18.56,17.91,0,,,,,
8/2/16 - 11:27:49,24.60,38.77,24.60,8.05,4.22,7.65,4.06,0,27.70,7.94,3.27,28.30,7.60,3.17,27.00,31.00,2.55,26.80,23.60,2.18,20.31,20.62,28.80,7.80,4.12,30.40,7.92,4.17,,,,,,,,,,,,,,,,,0,0,,,27.40,4.64,18.60,19.31,0,26.00,4.61,18.18,18.25,0,25.90,4.73,18.68,17.97,0,,,,,
8/2/16 - 11:32:59,24.60,38.77,24.60,8.05,4.22,7.60,4.04,0,27.70,7.91,3.26,28.20,7.56,3.16,27.00,31.20,2.56,26.90,23.80,2.19,20.31,20.75,28.80,7.78,4.11,30.70,7.90,4.16,,,,,,,,,,,,,,,,,0,0,,,27.50,4.64,18.66,19.37,0,25.70,4.61,18.18,18.25,0,26.10,4.73,18.75,18.10,0,,,,,
8/2/16 - 11:38:09,24.70,38.43,24.70,8.05,4.22,7.40,3.96,0,27.70,7.91,3.26,28.30,7.56,3.16,27.20,31.00,2.55,26.90,23.40,2.17,20.31,20.62,28.70,7.80,4.12,30.40,7.90,4.16,,,,,,,,,,,,,,,,,0,0,,,27.50,4.64,18.78,19.56,0,25.80,4.61,18.25,18.25,0,26.20,4.73,18.87,18.22,0,,,,,
8/2/16 - 11:43:48,24.80,38.77,24.80,8.05,4.22,7.35,3.94,0,27.80,7.94,3.27,28.40,7.56,3.16,27.20,31.00,2.55,26.90,23.60,2.18,20.37,20.68,28.90,7.75,4.10,30.80,7.88,4.15,,,,,,,,,,,,,,,,,0,0,,,27.60,4.64,18.91,19.50,0,25.90,4.62,18.25,18.25,0,26.10,4.73,18.93,18.28,0,,,,,
8/2/16 - 11:49:28,24.80,38.11,24.80,8.05,4.22,7.40,3.96,0,27.70,7.91,3.26,28.50,7.56,3.16,27.20,31.00,2.55,26.80,23.40,2.17,20.37,20.87,29.00,7.78,4.11,30.60,7.80,4.12,,,,,,,,,,,,,,,,,0,0,,,27.20,4.64,19.10,20.12,0,26.00,4.61,18.18,18.25,0,25.90,4.72,19.12,18.41,0,,,,,
8/2/16 - 11:57:04,24.70,38.11,24.70,8.05,4.22,7.40,3.96,0,27.80,7.94,3.27,28.50,7.60,3.17,27.10,31.00,2.55,26.90,23.60,2.18,20.37,20.87,29.00,7.78,4.11,30.30,7.80,4.12,,,,,,,,,,,,,,,,,0,0,,,27.30,4.64,19.22,20.18,0,26.00,4.61,18.18,18.25,0,26.00,4.73,19.25,18.60,0,,,,,
8/2/16 - 12:02:13,24.80,37.79,24.80,8.00,4.20,7.40,3.96,0,27.80,7.94,3.27,28.50,7.60,3.17,27.30,31.20,2.56,27.00,23.40,2.17,20.50,20.87,28.90,7.78,4.11,30.50,7.80,4.12,,,,,,,,,,,,,,,,,0,0,,,27.30,4.64,19.28,20.12,0,26.00,4.61,18.18,18.31,0,25.90,4.73,19.37,18.60,0,,,,,
8/2/16 - 12:07:23,25.00,37.79,25.00,8.05,4.22,7.43,3.97,0,27.90,7.94,3.27,28.60,7.60,3.17,27.20,31.00,2.55,27.00,23.40,2.17,20.50,20.87,29.10,7.75,4.10,30.80,7.88,4.15,,,,,,,,,,,,,,,,,0,0,,,26.20,4.64,18.85,18.50,0,26.10,4.61,18.18,18.25,0,24.90,4.73,18.81,18.47,0,,,,,
8/2/16 - 12:12:33,25.00,37.79,25.00,8.05,4.22,7.43,3.97,0,28.00,7.91,3.26,28.60,7.60,3.17,27.30,31.40,2.57,27.00,23.40,2.17,20.62,21.00,29.10,7.78,4.11,31.10,7.82,4.13,,,,,,,,,,,,,,,,,0,0,,,25.10,4.64,18.47,17.93,0,26.20,4.62,18.18,18.31,0,23.80,4.73,18.37,18.28,0,,,,,
8/2/16 - 12:18:19,25.00,37.79,25.00,8.05,4.22,7.43,3.97,0,27.90,7.94,3.27,28.60,7.60,3.17,27.30,31.00,2.55,27.10,23.40,2.17,20.68,21.06,29.10,7.78,4.11,30.60,7.92,4.17,,,,,,,,,,,,,,,,,0,0,,,24.30,4.64,18.22,17.75,0,26.30,4.62,18.25,18.25,0,23.20,4.73,18.18,18.16,0,,,,,
8/2/16 - 12:23:29,25.10,37.79,25.10,8.05,4.22,7.43,3.97,0,28.00,8.02,3.29,28.70,7.60,3.17,27.30,31.00,2.55,27.20,23.60,2.18,20.87,21.12,29.30,7.80,4.12,31.00,7.95,4.18,,,,,,,,,,,,,,,,,0,0,,,23.80,4.64,18.16,17.81,0,26.30,4.61,18.25,18.31,0,22.80,4.73,18.25,18.16,0,,,,,
8/2/16 - 12:29:06,25.10,38.11,25.10,8.00,4.20,7.48,3.99,0,28.00,7.98,3.28,28.70,7.56,3.16,27.40,31.00,2.55,27.20,23.60,2.18,20.93,21.25,29.50,7.85,4.14,30.80,8.02,4.21,,,,,,,,,,,,,,,,,0,0,,,24.00,4.64,18.22,18.18,0,26.40,4.61,18.18,18.31,0,23.00,4.73,18.43,18.22,0,,,,,
8/2/16 - 12:34:16,25.20,38.11,25.20,8.05,4.22,7.52,4.01,0,28.30,8.02,3.29,28.80,7.56,3.16,27.50,31.00,2.55,27.30,23.40,2.17,20.93,21.18,29.50,7.85,4.14,30.80,8.08,4.23,,,,,,,,,,,,,,,,,0,0,,,24.50,4.64,18.16,18.06,0,26.20,4.62,18.25,18.31,0,23.20,4.73,18.50,18.28,0,,,,,
8/2/16 - 12:40:21,25.30,38.11,25.30,8.05,4.22,7.52,4.01,0,28.30,7.98,3.28,28.80,7.60,3.17,27.50,28.80,2.44,27.20,23.60,2.18,21.06,21.31,29.40,7.85,4.14,31.30,8.10,4.24,,,,,,,,,,,,,,,,,0,0,,,24.10,4.64,18.10,17.87,0,26.40,4.61,18.25,18.31,0,22.80,4.73,18.31,18.22,0,,,,,
8/2/16 - 12:45:30,25.30,38.11,25.30,8.05,4.22,7.52,4.01,0,28.20,7.98,3.28,28.80,7.60,3.17,27.60,31.40,2.57,27.40,23.60,2.18,21.00,21.18,29.50,7.85,4.14,31.00,8.02,4.21,,,,,,,,,,,,,,,,,0,0,,,24.00,4.64,18.03,17.81,0,26.60,4.61,18.25,18.31,0,22.70,4.73,18.25,18.16,0,28.90,4.71,17.43,17.32,0
8/2/16 - 12:51:45,25.30,37.79,25.30,8.05,4.22,7.58,4.03,0,28.20,7.98,3.28,28.90,7.56,3.16,27.80,31.00,2.55,27.40,23.40,2.17,20.93,21.12,29.40,7.78,4.11,31.00,8.02,4.21,,,,,,,,,,,,,,,,,0,0,,,24.60,4.64,17.97,17.93,0,26.40,4.62,18.25,18.31,0,22.90,4.73,18.31,18.10,0,30.20,4.71,17.43,17.32,0
8/2/16 - 12:57:04,25.40,37.79,25.40,8.05,4.22,7.58,4.03,0,28.40,7.98,3.28,29.10,7.60,3.17,27.90,31.00,2.55,27.60,23.80,2.19,21.00,21.12,29.50,7.78,4.11,31.20,7.95,4.18,,,,,,,,,,,,,,,,,0,0,,,26.00,4.64,18.03,18.37,0,26.50,4.61,18.25,18.31,0,23.90,4.73,18.56,18.10,0,30.90,4.71,17.43,17.38,0
8/2/16 - 13:02:14,25.30,37.46,25.30,8.05,4.22,7.58,4.03,0,28.30,7.98,3.28,29.00,7.56,3.16,27.70,31.20,2.56,27.50,23.60,2.18,21.00,21.31,29.60,7.78,4.11,31.20,7.92,4.17,,,,,,,,,,,,,,,,,0,0,,,26.80,4.64,18.10,18.62,0,26.40,4.62,18.25,18.31,0,24.60,4.73,18.75,18.16,0,31.20,4.71,17.43,17.38,0
8/2/16 - 13:07:24,25.50,37.79,25.50,8.00,4.20,7.58,4.03,0,28.40,8.02,3.29,29.10,7.60,3.17,27.90,31.00,2.55,27.50,23.60,2.18,21.12,21.62,29.80,7.75,4.10,31.10,7.92,4.17,,,,,,,,,,,,,,,,,0,0,,,24.80,4.64,18.22,18.37,0,26.50,4.62,18.25,18.31,0,24.10,4.73,18.81,18.22,0,31.40,4.71,17.50,17.38,0
8/2/16 - 13:12:34,25.50,37.79,25.50,8.00,4.20,7.60,4.04,0,28.40,7.98,3.28,29.10,7.56,3.16,27.80,31.20,2.56,27.60,23.80,2.19,21.31,21.68,29.60,7.78,4.11,31.00,7.92,4.17,,,,,,,,,,,,,,,,,0,0,,,23.00,4.64,18.22,18.00,0,26.60,4.61,18.25,18.31,0,22.60,4.73,18.56,18.16,0,31.50,4.71,17.43,17.38,0
8/2/16 - 13:19:02,25.70,37.79,25.70,8.05,4.22,7.60,4.04,0,28.60,7.98,3.28,29.20,7.60,3.17,27.90,31.60,2.58,27.60,23.60,2.18,21.31,21.81,29.80,7.78,4.11,31.10,7.95,4.18,,,,,,,,,,,,,,,,,0,0,,,22.40,4.64,18.10,17.93,0,26.70,4.62,18.25,18.31,0,22.20,4.73,18.37,18.10,0,31.80,4.71,17.50,17.45,0