Method Data,,,,
Method name,Panopea,,,
Method ID,7,,,
Method version,5,,,
Method Internal ID,M44,,,
Release State,Released,,,
Type,TitrationGeneral,,,
,,,,
Table of Measured Values,,,,
Task,T496,,,
Scope 1/1, Sample 1/9 (20160805_Bin1),,,
Result,TitrationEP1,,,
V,t,E,T,dV/dt
0,0,-67.2,21.1,NaN
0.001,1,-68.7,21,0.001
0.0025,2,-69,21,0.0015
0.005,3,-69.4,21,0.0025
0.009,4,-69.7,21.1,0.0035
0.015,5,-70,21,0.0055
0.0235,6,-70.2,21.1,0.0075
0.032,7,-70.3,21.1,0.0075
0.0395,8,-70.4,21.1,0.0075
0.048,9,-70.4,21.1,0.0075
0.0565,10,-70.5,21.1,0.0075
0.065,11,-70.5,21.1,0.0075
0.0735,12,-70.5,21,0.0075
0.0815,13,-70.4,21.1,0.0075
0.0895,14,-70.4,21.1,0.008
0.0975,15,-70.3,21.1,0.008
0.106,16,-70.2,21.1,0.0075
0.1145,17,-70.1,21,0.0075
0.123,18,-70,21.1,0.0075
0.1315,19,-69.8,21,0.0075
0.139,20,-69.6,21.1,0.0075
0.1475,21,-69.5,21.1,0.0085
0.156,22,-69.2,21.1,0.0075
0.164,23,-69.1,21.1,0.0075
0.1725,24,-68.8,21.1,0.0075
0.181,25,-68.6,21.1,0.0075
0.1895,26,-68.3,21,0.0085
0.197,27,-68,21.1,0.0075
0.2055,28,-67.8,21.1,0.0075
0.214,29,-67.4,21.1,0.0075
0.2225,30,-67.1,21.1,0.0075
0.231,31,-66.7,21.1,0.0075
0.2385,32,-66.4,21.1,0.0075
0.247,33,-66,21.1,0.0075
0.255,34,-65.6,21.1,0.0075
0.2635,35,-65.2,21.1,0.0075
0.272,36,-64.7,21.1,0.0075
0.2805,37,-64.3,21.1,0.0075
0.288,38,-63.9,21.1,0.0075
0.2965,39,-63.4,21.1,0.0075
0.305,40,-62.8,21.1,0.0075
0.3135,41,-62.3,21.1,0.0075
0.3215,42,-61.7,21.1,0.0075
0.33,43,-61.1,21.1,0.0075
0.3375,44,-60.6,21.1,0.0075
0.346,45,-60,21.1,0.0075
0.3545,46,-59.4,21.1,0.0075
0.363,47,-58.6,21.1,0.0075
0.3715,48,-57.9,21.1,0.0075
0.38,49,-57.2,21.1,0.0075
0.3875,50,-56.5,21.1,0.0075
0.396,51,-55.7,21.1,0.0075
0.404,52,-54.9,21.1,0.0075
0.4125,53,-54,21.1,0.0075
0.421,54,-53.1,21.1,0.0075
0.4295,55,-52.2,21.1,0.0085
0.437,56,-51.2,21.1,0.0075
0.4455,57,-50.2,21.1,0.0075
0.454,58,-49.1,21.1,0.0075
0.4625,59,-48,21.1,0.0075
0.4705,60,-46.8,21.1,0.0075
0.479,61,-45.5,21.1,0.0075
0.4865,62,-44.3,21.1,0.0075
0.495,63,-42.9,21.1,0.0075
0.5035,64,-41.4,21.1,0.0075
0.512,65,-39.7,21.1,0.0075
0.5205,66,-37.9,21.1,0.0075
0.529,67,-36,21.1,0.0075
0.5365,68,-34.3,21.1,0.0075
0.545,69,-32.1,21.1,0.0075
0.5535,70,-30,21.1,0.0075
0.5615,71,-27.8,21.1,0.0075
0.57,72,-25.9,21.1,0.0075
0.5785,73,-24.2,21.1,0.0075
0.586,74,-22.8,21.1,0.0075
0.5945,75,-21.3,21.1,0.0075
0.603,76,-19.9,21.1,0.0075
0.6115,77,-18.6,21.1,0.0075
0.62,78,-17.3,21.1,0.0075
0.6275,79,-16.3,21.1,0.0075
0.636,80,-15.2,21.1,0.0075
0.6445,81,-14,21.1,0.0075
0.6525,82,-13,21.1,0.0075
0.661,83,-12.2,21.1,0.0075
0.6695,84,-11.3,21.1,0.0075
0.678,85,-10.5,21.1,0.0085
0.6855,86,-9.6,21.1,0.0075
0.694,87,-8.6,21.1,0.0075
0.7025,88,-7.7,21.1,0.0075
0.711,89,-6.6,21.1,0.0075
0.719,90,-5.6,21.1,0.0075
0.727,91,-5,21.1,0.008
0.735,92,-4,21.1,0.0075
0.7435,93,-3.2,21.1,0.0075
0.752,94,-2.1,21.1,0.0075
0.7605,95,-1,21.1,0.0075
0.769,96,-0.2,21.1,0.0075
0.7765,97,-0.1,21.1,0.0075
0.785,98,0.6,21.1,0.0075
0.7935,99,1.5,21.1,0.0075
0.802,100,2.3,21.1,0.0075
0.81,101,3.8,21.1,0.0075
0.8185,102,4.5,21.1,0.0085
0.826,103,5.1,21.1,0.0075
0.8345,104,5.7,21.1,0.0075
0.843,105,6.3,21.1,0.0075
0.8515,106,7.3,21.1,0.0075
0.86,107,8,21.1,0.0075
0.8685,108,8.8,21.1,0.0075
0.876,109,9.4,21.1,0.0075
0.8845,110,10.2,21.1,0.0075
0.8925,111,11,21.1,0.0075
0.901,112,11.9,21.1,0.0075
0.9095,113,12.6,21.1,0.0075
0.918,114,13.3,21.1,0.0085
0.9255,115,14.2,21.1,0.007
0.934,116,15,21.1,0.0075
0.9425,117,15.8,21.1,0.0075
0.951,118,16.5,21.1,0.0075
0.9595,119,17.2,21.1,0.0075
0.967,120,18,21.1,0.0075
0.9755,121,18.8,21.1,0.0075
0.9835,122,19.5,21.1,0.0075
0.992,123,20.2,21.1,0.0075
1.0005,124,21.1,21.1,0.0075
1.009,125,21.9,21.1,0.0075
1.0165,126,22.7,21.1,0.0075
1.025,127,23.6,21.1,0.0075
1.0335,128,24.6,21.1,0.0075
1.042,129,25.2,21.1,0.0075
1.0505,130,25.7,21.1,0.0075
1.0585,131,26.5,21.1,0.0075
1.0665,132,27.3,21.1,0.008
1.0745,133,28.3,21.1,0.0075
1.083,134,29,21.1,0.0075
1.0915,135,29.9,21.1,0.0075
1.1,136,30.8,21.1,0.0075
1.1085,137,31.6,21.1,0.0085
1.116,138,32.2,21.1,0.0075
1.1245,139,32.9,21.1,0.0075
1.133,140,33.7,21.1,0.0075
1.141,141,34.5,21.1,0.0075
1.1495,142,35.5,21.1,0.0075
1.158,143,36.2,21.1,0.0075
1.1655,144,36.8,21.1,0.0075
1.174,145,37.7,21.1,0.0075
1.1825,146,38.8,21.1,0.0075
1.191,147,39.8,21.1,0.0075
1.1995,148,40.4,21.1,0.0075
1.208,149,41.3,21.1,0.0085
1.2155,150,41.9,21.1,0.0075
1.224,151,42.7,21.1,0.0075
1.232,152,44.1,21.1,0.0075
1.2405,153,44.9,21.1,0.0075
1.249,154,45.7,21.1,0.0075
1.2575,155,46.6,21.1,0.0085
1.265,156,47.5,21.1,0.0075
1.2735,157,48.3,21.1,0.0075
1.282,158,49.1,21.1,0.0075
1.2905,159,50.1,21.1,0.0075
1.2985,160,51.2,21.1,0.0075
1.3065,161,52.2,21.1,0.008
1.3145,162,53.1,21.1,0.0075
1.323,163,54,21.1,0.0075
1.3315,164,55,21.1,0.0075
1.34,165,56.3,21.1,0.0075
1.3485,166,57.2,21.1,0.0075
1.356,167,58.1,21.1,0.0075
1.3645,168,59.3,21.1,0.0075
1.373,169,60.5,21.1,0.0075
1.3815,170,61.5,21.1,0.0075
1.3895,171,62.6,21.1,0.0075
1.398,172,63.7,21.1,0.0075
1.4055,173,64.9,21.1,0.0075
1.414,174,65.9,21.1,0.0075
1.4225,175,67.2,21.1,0.0075
1.431,176,68.5,21.1,0.0075
1.4395,177,69.9,21.1,0.0075
1.448,178,71.3,21.1,0.0075
1.4555,179,72.9,21.1,0.0075
1.464,180,74.6,21.1,0.0075
1.472,181,76.1,21.1,0.0075
1.4805,182,77.6,21.1,0.0075
1.489,183,79.6,21.1,0.0075
1.4975,184,81.1,21.1,0.0075
1.505,185,82.4,21.1,0.0075
1.5135,186,84.2,21.1,0.0075
1.522,187,86.2,21.1,0.0075
1.5305,188,88.3,21.1,0.0075
1.5385,189,90.4,21.1,0.0075
1.547,190,92.9,21.1,0.0075
1.5545,191,95.3,21.1,0.0075
1.563,192,97.8,21.1,0.0075
1.5715,193,100.5,21.1,0.0075
1.58,194,103.5,21.1,0.0075
1.5885,195,106.4,21.1,0.0075
1.597,196,109.7,21.1,0.0075
1.6045,197,112.6,21.1,0.0075
1.613,198,116,21.1,0.0075
1.6215,199,119.8,21.1,0.0075
1.6295,200,123.5,21.1,0.0075
1.638,201,127.3,21.1,0.0075
1.6465,202,131.2,21.1,0.0075
1.654,203,134.7,21.1,0.0075
1.6625,204,138.2,21.1,0.0075
1.671,205,141.9,21.1,0.0075
1.6795,206,145.4,21.1,0.0075
1.688,207,148.9,21.1,0.0075
1.696,208,152.1,21.1,0.0075
1.704,209,155,21.1,0.008
1.712,210,158.1,21.1,0.0075
1.7205,211,161.1,21.1,0.0075
1.729,212,163.8,21.1,0.0075
1.7375,213,166.6,21.1,0.0075
1.746,214,168.8,21.1,0.0085
1.7535,215,171.5,21.1,0.0075
1.762,216,173.9,21.1,0.0075
1.7705,217,176.1,21.1,0.0075
1.7785,218,178.2,21.1,0.0075
1.787,219,180.2,21.1,0.0075
1.7955,220,182,21.1,0.0085
1.803,221,183.7,21.1,0.0075
1.811,222,185,21.1,0.008
1.811,462,194.3,21.1,0
1.8115,463,194.3,21.1,0.0005
1.813,464,194.3,21.1,0.0015
1.8155,465,194.4,21.1,0.0025
1.82,466,194.7,21.1,0.004
1.826,467,195,21.1,0.0055
1.8345,468,195.6,21.1,0.0075
1.842,469,196.3,21.1,0.0075
1.8505,470,197.1,21.1,0.0085
1.859,471,197.9,21.1,0.0085
1.8675,472,198.7,21.1,0.0075
1.8755,473,199.5,21.1,0.0075
1.884,474,200.2,21.1,0.0075
1.8915,475,201,21.1,0.0075
1.9,476,201.7,21.1,0.0085
1.9085,477,202.6,21.1,0.0085
1.917,478,203.3,21.1,0.0075
1.9255,479,204.1,21.1,0.0075
1.934,480,204.7,21.1,0.0075
1.9415,481,205.3,21.1,0.0075
1.95,482,206,21.1,0.0085
1.958,483,206.5,21.1,0.008
1.9665,484,207.2,21.1,0.0075
1.975,485,207.9,21.1,0.0075
1.9835,486,208.5,21.1,0.0075
1.991,487,209,21.1,0.0075
1.9995,488,209.6,21.1,0.0085
2.008,489,210.1,21.1,0.0075
2.0165,490,210.7,21.1,0.0075
2.025,491,211.2,21.1,0.0075
2.033,492,211.8,21.1,0.0075
2.0405,493,212.2,21.1,0.0075
2.049,494,212.8,21.1,0.0085
2.0575,495,213.2,21.1,0.0085
2.066,496,213.7,21.1,0.0075
2.0745,497,214.1,21.1,0.0075
2.083,498,214.6,21.1,0.0075
2.0905,499,215,21.1,0.0075
2.099,500,215.5,21.1,0.0085
2.1075,501,216,21.1,0.0075
2.1155,502,216.3,21.1,0.0075
2.124,503,216.9,21.1,0.0075
2.1325,504,217.2,21.1,0.0075
2.14,505,217.6,21.1,0.0075
2.1485,506,218,21.1,0.0085
2.157,507,218.5,21.1,0.0075
2.1655,508,218.9,21.1,0.0075
2.174,509,219.3,21.1,0.0075
2.182,510,219.7,21.1,0.008
2.19,511,220,21.1,0.008
2.198,512,220.4,21.1,0.008
2.2065,513,220.8,21.1,0.0075
2.215,514,221.1,21.1,0.0075
2.2235,515,221.5,21.1,0.0075
2.232,516,221.8,21.1,0.0085
2.2395,517,222.2,21.1,0.0075
2.248,518,222.5,21.1,0.0085
2.2565,519,222.9,21.1,0.0075
2.2645,520,223.2,21.1,0.0075
2.273,521,223.5,21.1,0.0075
2.2815,522,223.8,21.1,0.0075
2.289,523,224.1,21.1,0.0075
2.2975,524,224.4,21.1,0.0085
2.306,525,224.7,21.1,0.0075
2.3145,526,225.1,21.1,0.0075
2.323,527,225.4,21.1,0.0075
2.331,528,225.7,21.1,0.0075
2.339,529,226,21.1,0.008
2.347,530,226.3,21.1,0.008
2.3555,531,226.6,21.1,0.0075
2.364,532,226.9,21.1,0.0075
2.3725,533,227.1,21.1,0.0075
2.38,534,227.4,21.1,0.0075
2.3885,535,227.7,21.1,0.0085
2.397,536,228,21.1,0.0085
2.4055,537,228.2,21.1,0.0075
2.414,538,228.5,21.1,0.0075
2.422,539,228.8,21.1,0.0075
2.4305,540,229,21.1,0.0085
2.438,541,229.2,21.1,0.0075
2.4465,542,229.5,21.1,0.0085
2.455,543,229.7,21.1,0.0075
2.4635,544,230,21.1,0.0075
2.472,545,230.3,21.1,0.0075
2.4795,546,230.5,21.1,0.0075
2.488,547,230.8,21.1,0.0085
2.4965,548,231,21.1,0.0085
2.505,549,231.3,21.1,0.0075
2.513,550,231.5,21.1,0.0075
2.5215,551,231.8,21.1,0.0075
2.529,552,231.9,21.1,0.0075
2.5375,553,232.1,21.1,0.0085
2.546,554,232.4,21.1,0.0085
2.5545,555,232.6,21.1,0.0075
2.563,556,232.9,21.1,0.0075
2.5715,557,233.1,21.1,0.0075
2.579,558,233.3,21.1,0.0075
2.5875,559,233.6,21.1,0.0085
2.5955,560,233.8,21.1,0.008
2.604,561,234,21.1,0.0075
2.6125,562,234.2,21.1,0.0075
2.62,563,234.4,21.1,0.007
2.6245,564,234.5,21.1,0.0045
2.6255,565,234.7,21.1,0.001
2.6255,566,234.7,21.1,0
2.627,567,234.8,21.1,0.0015
2.629,568,234.8,21.1,0.002
2.632,569,234.9,21.1,0.0025
2.636,570,234.9,21.1,0.004
2.6395,571,235,21.1,0.006
Scope 1/1, Sample 2/9 (20160805_Bin2),,,
Result,TitrationEP1,,,
V,t,E,T,dV/dt
0,0,-61.8,20.9,NaN
0.0005,1,-63.6,20.9,0.0005
0.0025,2,-64,20.9,0.002
0.005,3,-64.4,20.9,0.0025
0.0085,4,-64.8,20.9,0.003
0.015,5,-65.1,20.9,0.006
0.023,6,-65.4,20.9,0.0075
0.0305,7,-65.5,20.9,0.0075
0.039,8,-65.7,20.9,0.0085
0.0475,9,-65.8,20.9,0.0075
0.056,10,-65.9,20.9,0.0075
0.0645,11,-65.9,20.9,0.0075
0.073,12,-65.9,20.9,0.0075
0.0805,13,-66,20.9,0.0075
0.0885,14,-65.9,20.9,0.008
0.097,15,-65.9,20.9,0.0075
0.1055,16,-65.8,20.9,0.0075
0.114,17,-65.7,20.9,0.0075
0.1225,18,-65.6,20.9,0.0075
0.13,19,-65.5,20.9,0.0075
0.1385,20,-65.3,20.9,0.0085
0.147,21,-65.2,20.9,0.0075
0.155,22,-65,20.9,0.0075
0.1635,23,-64.8,20.9,0.0075
0.172,24,-64.6,20.9,0.0075
0.1795,25,-64.3,20.9,0.0075
0.188,26,-64.1,20.9,0.0085
0.1965,27,-63.8,20.9,0.0075
0.205,28,-63.5,20.9,0.0075
0.2135,29,-63.1,20.9,0.0075
0.222,30,-62.9,20.9,0.0085
0.2295,31,-62.6,20.9,0.0075
0.238,32,-62.2,20.9,0.0085
0.246,33,-61.7,20.9,0.0075
0.2545,34,-61.3,20.9,0.0075
0.263,35,-60.8,20.9,0.0075
0.2705,36,-60.5,20.9,0.0075
0.279,37,-60.1,20.9,0.0085
0.2875,38,-59.6,20.9,0.0085
0.296,39,-59.1,20.9,0.0075
0.3045,40,-58.6,20.9,0.0075
0.313,41,-58,20.9,0.0075
0.3205,42,-57.5,20.9,0.0075
0.329,43,-56.6,20.9,0.0085
0.3375,44,-56.2,20.9,0.0075
0.3455,45,-55.6,20.9,0.0075
0.354,46,-54.9,20.9,0.0075
0.3625,47,-54.3,20.9,0.0085
0.37,48,-53.6,20.9,0.0075
0.3785,49,-52.8,20.9,0.0085
0.387,50,-52,20.9,0.0075
0.3955,51,-51.2,20.9,0.0075
0.404,52,-50.2,20.9,0.0075
0.4115,53,-49.4,20.9,0.0075
0.42,54,-48.3,20.9,0.0085
0.4285,55,-47.3,20.9,0.0085
0.4365,56,-46.2,20.9,0.0075
0.445,57,-45.2,20.9,0.0075
0.4535,58,-43.9,20.9,0.0075
0.461,59,-42.8,20.9,0.0075
0.4695,60,-41.4,20.9,0.0085
0.478,61,-40,20.9,0.0075
0.4865,62,-38.4,21,0.0075
0.495,63,-36.7,21,0.0075
0.503,64,-34.8,21,0.0075
0.511,65,-33.1,21,0.008
0.519,66,-31.2,21,0.008
0.5275,67,-29.1,21,0.0085
0.536,68,-27,20.9,0.0075
0.5445,69,-25,21,0.0075
0.553,70,-23,21,0.0075
0.5605,71,-21.3,21,0.0075
0.569,72,-19.6,21,0.0085
0.5775,73,-18.2,21,0.0075
0.586,74,-16.6,21,0.0075
0.594,75,-15.4,21,0.0075
0.6025,76,-13.9,21,0.0075
0.61,77,-12.6,21,0.0075
0.6185,78,-11.6,21,0.0085
0.627,79,-10.6,21,0.0075
0.6355,80,-9.1,21,0.0075
0.644,81,-8.3,21,0.0075
0.6525,82,-7.4,21,0.0075
0.66,83,-6.6,21,0.0075
0.6685,84,-5.8,21,0.0085
0.677,85,-4.9,21,0.0075
0.685,86,-3.8,21,0.0075
0.6935,87,-2.8,21,0.0075
0.702,88,-1.8,21,0.0085
0.7095,89,-0.5,21,0.0075
0.718,90,0.1,21,0.0085
0.7265,91,0.8,21,0.0075
0.735,92,1.4,21,0.0075
0.7435,93,2,21,0.0075
0.7515,94,2.7,21,0.008
0.7595,95,3.5,21,0.008
0.7675,96,4.4,21,0.008
0.776,97,5.1,21,0.0075
0.7845,98,5.9,21,0.0075
0.793,99,6.6,21,0.0075
0.8015,100,7.3,21,0.0085
0.809,101,8,21,0.0075
0.8175,102,8.9,21,0.0085
0.826,103,10,21,0.0075
0.834,104,11.1,21,0.0075
0.8425,105,11.8,21,0.0075
0.851,106,12.7,21,0.0075
0.8585,107,13.4,21,0.0075
0.867,108,14.1,21,0.0085
0.8755,109,14.9,21,0.0075
0.884,110,15.7,21,0.0075
0.8925,111,16.4,21,0.0075
0.9005,112,17,21,0.008
0.9085,113,17.9,21,0.008
0.9165,114,18.7,21,0.008
0.925,115,19.5,21,0.0075
0.9335,116,20.7,21,0.0075
0.942,117,21.9,21,0.0075
0.9505,118,22.8,21,0.0085
0.958,119,23.2,21,0.0075
0.9665,120,23.7,21,0.0085
0.975,121,24.3,21,0.0075
0.983,122,25.2,21,0.0075
0.9915,123,25.9,21,0.0075
0.9995,124,26.6,21,0.008
1.0075,125,27.5,21,0.008
1.016,126,28.5,21,0.0085
1.0245,127,29.2,21,0.0075
1.033,128,30,21,0.0075
1.0415,129,30.6,21,0.0075
1.049,130,31.3,21,0.0075
1.0575,131,32.1,21,0.0085
1.066,132,32.7,21,0.0085
1.074,133,33.7,21,0.0075
1.0825,134,34.4,21,0.0075
1.091,135,35.3,21,0.0075
1.0985,136,35.9,21,0.0075
1.107,137,37,21,0.0085
1.1155,138,38.6,21,0.0085
1.124,139,39.7,21,0.0075
1.1325,140,40.4,21,0.0075
1.1405,141,41.3,21,0.0075
1.1485,142,41.8,21,0.008
1.1565,143,42.6,21,0.008
1.165,144,43.3,21,0.0075
1.1735,145,44.2,21,0.0075
1.182,146,45.1,21,0.0075
1.1905,147,46.6,21,0.0075
1.198,148,47.3,21,0.0075
1.2065,149,47.9,21,0.0085
1.215,150,48.6,21,0.0075
1.2235,151,49.3,21,0.0075
1.2315,152,50.4,21,0.0075
1.24,153,51.3,21,0.0075
1.2475,154,52.1,21,0.0075
1.256,155,53.5,21,0.0085
1.2645,156,54.6,21,0.0075
1.273,157,55.6,21,0.0075
1.2815,158,56.3,21,0.0075
1.29,159,57.4,21,0.0085
1.2975,160,58.6,21,0.0075
1.306,161,59.5,21,0.0085
1.3145,162,60.6,21,0.0075
1.3225,163,62.1,21,0.0075
1.331,164,63.3,21,0.0075
1.3395,165,64.6,21,0.0085
1.347,166,65.5,21,0.0075
1.3555,167,66.9,21,0.0085
1.364,168,68,21,0.0075
1.3725,169,69.2,21,0.0075
1.381,170,70.4,21,0.0075
1.3885,171,71.4,21,0.0075
1.397,172,72.8,21,0.0085
1.405,173,74.5,21,0.008
1.4135,174,76.2,21,0.0075
1.422,175,78.1,21,0.0075
1.4305,176,79.6,21,0.0075
1.439,177,80.7,21,0.0085
1.4465,178,82.3,21,0.0075
1.455,179,84.1,21,0.0085
1.4635,180,85.9,21,0.0075
1.4715,181,88,21,0.0075
1.48,182,90.2,21,0.0075
1.4885,183,92.5,21,0.0075
1.496,184,94.8,21,0.0075
1.5045,185,97.6,21,0.0085
1.513,186,100.7,21,0.0075
1.5215,187,103.3,21,0.0075
1.53,188,106.2,21,0.0075
1.538,189,109.4,21,0.0075
1.5455,190,112.7,21,0.0075
1.554,191,116.3,21,0.0085
1.5625,192,119.8,21,0.0075
1.571,193,123.9,21,0.0075
1.5795,194,127.8,21,0.0075
1.588,195,131.6,21,0.0075
1.5955,196,135.1,21,0.0075
1.604,197,138.9,21,0.0085
1.6125,198,142.6,21,0.0075
1.6205,199,146.2,21,0.0075
1.629,200,149.8,21,0.0075
1.6375,201,153.2,21,0.0075
1.645,202,156,21,0.0075
1.6535,203,159.1,21,0.0085
1.662,204,162.1,21,0.0075
1.6705,205,164.9,21,0.0075
1.679,206,167.7,21,0.0075
1.6875,207,170.1,21,0.0085
1.695,208,172.6,21,0.0075
1.7035,209,174.9,21,0.0085
1.7115,210,177.1,21,0.0075
1.72,211,179.1,21,0.0075
1.7285,212,181.3,21,0.0075
1.736,213,183.1,21,0.0075
1.7445,214,184.9,21,0.0085
1.7475,214,185,21,0.0075
1.7475,454,194.5,21,0
1.748,456,194.5,21,0.0005
1.7495,456,194.5,21,0.003
1.752,458,194.6,21,0.0015
1.756,459,194.9,21,0.0065
1.762,460,195.2,21,0.01
1.7705,461,195.7,21,0.014
1.778,462,196.4,21,0.015
1.7865,462,197.3,21,0.017
1.795,464,198,21,0.0055
1.8035,465,198.8,21,0.014
1.8115,466,199.7,21,0.0135
1.82,467,200.6,21,0.014
1.8275,468,201.2,21,0.015
1.836,468,202,21,0.017
1.8445,470,202.7,21,0.0055
1.853,471,203.4,21,0.014
1.8615,472,204.1,21,0.014
1.87,472,204.8,21,0.017
1.8775,474,205.5,21,0.005
1.886,474,206.2,21,0.017
1.894,476,206.9,21,0.0055
1.9025,477,207.5,21,0.014
1.911,478,208.1,21,0.014
1.9195,479,208.8,21,0.014
1.927,480,209.2,21,0.015
1.9355,480,209.9,21,0.017
1.944,482,210.5,21,0.0055
1.9525,483,211,21,0.014
1.961,484,211.5,21,0.014
1.969,485,212,21,0.0135
1.9765,486,212.6,21,0.015
1.985,486,213.1,21,0.017
1.9935,488,213.5,21,0.0055
2.002,489,214.1,21,0.014
2.0105,490,214.6,21,0.014
2.018,490,215.1,21,0.015
2.0265,492,215.5,21,0.0055
2.035,492,216,21,0.017
2.0435,494,216.3,21,0.0055
2.0515,495,216.8,21,0.0135
2.06,496,217.3,21,0.014
2.0685,496,217.6,21,0.017
2.076,498,218,21,0.005
2.0845,498,218.5,21,0.017
2.093,500,218.9,21,0.0055
2.1015,501,219.3,21,0.014
2.11,502,219.7,21,0.014
2.118,502,220,21,0.016
2.126,504,220.4,21,0.0055
2.134,504,220.8,21,0.016
2.1425,506,221.3,21,0.0055
2.151,507,221.6,21,0.014
2.1595,508,222,21,0.014
2.167,508,222.3,21,0.015
2.1755,510,222.6,21,0.0055
2.184,510,223,21,0.017
2.1925,512,223.3,21,0.0055
2.2005,513,223.7,21,0.0135
2.209,514,224.1,21,0.014
2.217,514,224.3,21,0.016
2.225,516,224.6,21,0.0055
2.2335,516,225,21,0.017
2.242,518,225.3,21,0.0055
2.2505,519,225.6,21,0.014
2.259,520,225.9,21,0.014
2.2665,520,226.2,21,0.015
2.275,522,226.5,21,0.0055
2.2835,522,226.8,21,0.017
2.2915,524,227,21,0.005
2.3,525,227.3,21,0.014
2.3085,526,227.6,21,0.014
2.316,526,227.9,21,0.015
2.3245,528,228.2,21,0.0055
2.333,528,228.5,21,0.017
2.3415,530,228.8,21,0.0055
2.35,531,229.1,21,0.014
2.3585,532,229.3,21,0.017
2.366,532,229.6,21,0.015
2.3745,534,229.9,21,0.0055
2.3825,535,230.1,21,0.0135
2.391,536,230.4,21,0.014
2.3995,537,230.6,21,0.014
2.408,538,230.8,21,0.017
2.4155,538,231.1,21,0.015
2.424,540,231.4,21,0.0055
2.4325,541,231.6,21,0.014
2.441,542,231.8,21,0.014
2.449,543,232,21,0.0135
2.4575,544,232.2,21,0.014
2.465,544,232.5,21,0.015
2.4735,546,232.7,21,0.0055
2.482,547,232.9,21,0.014
2.4905,548,233.3,21,0.014
2.499,549,233.5,21,0.014
2.5075,550,233.6,21,0.014
2.515,550,233.8,21,0.015
2.523,552,234,21,0.0055
2.5315,553,234.2,21,0.014
2.538,554,234.5,21,0.011
2.5385,555,234.7,21,0.001
2.5385,556,234.8,21,0
2.539,556,234.8,21,0.001
2.5405,558,234.8,21,0.001
2.5425,559,234.9,21,0.0035
2.546,560,234.9,21,0.006
2.551,561,235,21,0.0085
2.554,561,235,21,0.03
Scope 1/1, Sample 3/9 (20160805_Bin3),,,
Result,TitrationEP1,,,
V,t,E,T,dV/dt
0,0,-60.8,20.9,NaN
0.0005,1,-62.6,20.9,0.0005
0.0025,2,-63,20.9,0.002
0.005,3,-63.3,20.9,0.0025
0.009,4,-63.8,20.9,0.0035
0.015,5,-64.1,20.9,0.0055
0.0235,6,-64.3,20.9,0.0075
0.031,7,-64.5,20.9,0.0075
0.0395,8,-64.6,20.9,0.0085
0.048,9,-64.8,20.9,0.0075
0.0565,10,-64.9,20.9,0.0075
0.065,11,-64.9,20.9,0.0075
0.0735,12,-64.9,20.9,0.0075
0.081,13,-65,20.9,0.0075
0.0895,14,-65,20.9,0.0085
0.0975,15,-64.9,20.9,0.0075
0.106,16,-64.8,20.9,0.0075
0.1145,17,-64.7,20.9,0.0075
0.123,18,-64.6,20.9,0.0075
0.1305,19,-64.5,20.9,0.0075
0.139,20,-64.4,20.9,0.0085
0.1475,21,-64.3,20.9,0.0075
0.156,22,-64.1,20.9,0.0075
0.164,23,-63.9,20.9,0.0075
0.1725,24,-63.7,20.9,0.0075
0.18,25,-63.5,20.9,0.0075
0.1885,26,-63.3,20.9,0.0085
0.197,27,-63,20.9,0.0075
0.2055,28,-62.7,20.9,0.0075
0.214,29,-62.4,20.9,0.0075
0.2225,30,-62.1,20.9,0.0085
0.23,31,-61.8,20.9,0.0075
0.2385,32,-61.4,20.9,0.0085
0.247,33,-61,20.9,0.0075
0.255,34,-60.7,20.9,0.0075
0.2635,35,-60.3,20.9,0.0075
0.272,36,-59.9,20.9,0.0085
0.2795,37,-59.5,20.9,0.0075
0.288,38,-59,20.9,0.0085
0.2965,39,-58.6,20.9,0.0075
0.305,40,-58,20.9,0.0075
0.3135,41,-57.5,20.9,0.0075
0.321,42,-57,20.9,0.0075
0.3295,43,-56.4,20.9,0.0085
0.338,44,-55.8,20.9,0.0085
0.346,45,-55.2,20.9,0.0075
0.3545,46,-54.6,20.9,0.0075
0.363,47,-53.8,20.9,0.0075
0.3705,48,-53.2,20.9,0.0075
0.379,49,-52.4,20.9,0.0085
0.3875,50,-51.7,20.9,0.0085
0.396,51,-50.9,20.9,0.0075
0.4045,52,-50.1,20.9,0.0075
0.4125,53,-49.2,20.9,0.0075
0.4205,54,-48.4,20.9,0.008
0.4285,55,-47.4,20.9,0.008
0.437,56,-46.3,20.9,0.0075
0.4455,57,-45.2,20.9,0.0075
0.454,58,-44.1,20.9,0.0075
0.4625,59,-42.9,20.9,0.0075
0.47,60,-41.7,20.9,0.0075
0.4785,61,-40.2,20.9,0.0085
0.487,62,-38.8,20.9,0.0075
0.4955,63,-37.3,20.9,0.0075
0.5035,64,-35.7,20.9,0.0075
0.512,65,-34.1,20.9,0.0085
0.5195,66,-32.2,20.9,0.0075
0.528,67,-30.1,20.9,0.0085
0.5365,68,-28.1,20.9,0.0075
0.545,69,-26,20.9,0.0075
0.5535,70,-24.1,20.9,0.0075
0.562,71,-22.2,20.9,0.0075
0.5695,72,-20.4,20.9,0.0075
0.578,73,-18.8,20.9,0.0085
0.586,74,-17.4,20.9,0.0075
0.5945,75,-16.1,20.9,0.0075
0.603,76,-14.8,20.9,0.0075
0.6115,77,-13.8,20.9,0.0085
0.619,78,-12.7,20.9,0.0075
0.6275,79,-11.7,20.9,0.0085
0.636,80,-10.8,20.9,0.0075
0.6445,81,-9.8,20.9,0.0075
0.6525,82,-8.7,20.9,0.0075
0.661,83,-7.8,20.9,0.0075
0.6685,84,-6.9,20.9,0.0075
0.677,85,-6,20.9,0.0085
0.6855,86,-5.2,20.9,0.0075
0.694,87,-4.3,20.9,0.0075
0.7025,88,-3.3,20.9,0.0075
0.711,89,-2.3,20.9,0.0085
0.7185,90,-1,20.9,0.007
0.727,91,-0.1,20.9,0.0085
0.7355,92,0,20.9,0.0075
0.7435,93,0.8,20.9,0.0075
0.752,94,1.7,20.9,0.0075
0.7605,95,2.4,20.9,0.0075
0.768,96,3.1,20.9,0.0075
0.7765,97,3.8,20.9,0.0085
0.785,98,4.6,20.9,0.0075
0.7935,99,5.4,20.9,0.0075
0.802,100,6.1,20.9,0.0075
0.81,101,6.9,20.9,0.008
0.818,102,7.6,20.9,0.008
0.826,103,8.4,20.9,0.008
0.8345,104,9.4,20.9,0.0075
0.843,105,10.3,20.9,0.0075
0.8515,106,11.1,20.9,0.0075
0.86,107,11.7,20.9,0.0085
0.8675,108,12.6,20.9,0.0075
0.876,109,13.4,20.9,0.0085
0.8845,110,14.2,20.9,0.0075
0.893,111,14.9,20.9,0.0075
0.901,112,15.8,20.9,0.0075
0.909,113,16.4,20.9,0.008
0.917,114,17.4,20.9,0.008
0.9255,115,18,20.9,0.0085
0.934,116,18.8,20.9,0.0075
0.9425,117,19.5,20.9,0.0075
0.951,118,20.2,20.9,0.0075
0.9585,119,20.9,20.9,0.0075
0.967,120,21.7,20.9,0.0085
0.9755,121,22.5,20.9,0.0085
0.9835,122,23.4,20.9,0.0075
0.992,123,24,20.9,0.0075
1.0005,124,24.6,20.9,0.0075
1.008,125,25.3,20.9,0.0075
1.0165,126,26.1,20.9,0.0085
1.025,127,26.8,20.9,0.0075
1.0335,128,27.8,20.9,0.0075
1.042,129,28.6,20.9,0.0075
1.05,130,29.3,20.9,0.0075
1.0585,131,30.1,20.9,0.0085
1.066,132,30.9,20.9,0.0075
1.0745,133,31.6,20.9,0.0085
1.083,134,32.4,20.9,0.0075
1.0915,135,33.1,20.9,0.0075
1.1,136,33.8,20.9,0.0075
1.1075,137,34.6,20.9,0.0075
1.116,138,35.5,20.9,0.0085
1.1245,139,36.4,20.9,0.0085
1.1325,140,37.2,20.9,0.0075
1.141,141,37.9,20.9,0.0075
1.1495,142,38.6,20.9,0.0075
1.157,143,39.6,20.9,0.0075
1.1655,144,40.3,20.9,0.0085
1.174,145,41.1,20.9,0.0085
1.1825,146,41.9,20.9,0.0075
1.191,147,42.8,20.9,0.0075
1.1995,148,43.8,20.9,0.0075
1.207,149,44.7,20.9,0.0075
1.2155,150,45.7,20.9,0.0085
1.2235,151,46.3,20.9,0.0075
1.232,152,47.1,20.9,0.0075
1.2405,153,48.2,20.9,0.0075
1.249,154,48.9,20.9,0.0075
1.2565,155,49.6,20.9,0.0075
1.265,156,50.5,20.9,0.0085
1.2735,157,51.4,20.9,0.0085
1.282,158,52.6,20.9,0.0075
1.29,159,53.5,20.9,0.0075
1.2985,160,54.5,20.9,0.0075
1.306,161,55.5,20.9,0.0075
1.3145,162,56.4,20.9,0.0085
1.323,163,57.5,20.9,0.0075
1.3315,164,58.6,20.9,0.0075
1.34,165,59.6,20.9,0.0075
1.3475,166,60.5,20.9,0.0075
1.356,167,61.6,20.9,0.0085
1.3645,168,62.5,20.9,0.0085
1.373,169,63.7,20.9,0.0075
1.3815,170,65,20.9,0.0075
1.3895,171,66.3,20.9,0.0075
1.3975,172,67.6,20.9,0.008
1.4055,173,68.8,20.9,0.0075
1.414,174,69.9,20.9,0.0075
1.4225,175,71.2,20.9,0.0075
1.431,176,72.6,20.9,0.0075
1.4395,177,74,20.9,0.0075
1.447,178,75.5,20.9,0.0075
1.4555,179,77,20.9,0.0085
1.464,180,78.5,20.9,0.0075
1.472,181,80.2,20.9,0.0075
1.4805,182,82.2,20.9,0.0075
1.489,183,83.6,20.9,0.0085
1.4965,184,85.3,20.9,0.0075
1.505,185,87.2,20.9,0.0085
1.5135,186,89.2,20.9,0.0075
1.522,187,91.5,20.9,0.0075
1.5305,188,93.9,20.9,0.0075
1.5385,189,96.2,20.9,0.0075
1.5465,190,98.5,20.9,0.008
1.5545,191,101,20.9,0.008
1.563,192,103.9,20.9,0.0075
1.5715,193,107,20.9,0.0075
1.58,194,110.1,20.9,0.0075
1.5885,195,113.5,20.9,0.0075
1.596,196,116.8,20.9,0.0075
1.6045,197,120.3,20.9,0.0085
1.613,198,124,20.9,0.0075
1.621,199,128.1,20.9,0.0075
1.6295,200,131.6,20.9,0.0075
1.638,201,135.4,20.9,0.0075
1.6455,202,138.6,20.9,0.0075
1.654,203,142.2,20.9,0.0085
1.6625,204,145.7,20.9,0.0085
1.671,205,149,20.9,0.0075
1.6795,206,152.3,20.9,0.0075
1.688,207,155.5,20.9,0.0075
1.6955,208,158.4,20.9,0.0075
1.704,209,161.4,20.9,0.0085
1.712,210,164.2,20.9,0.0075
1.7205,211,166.8,20.9,0.0075
1.729,212,169.5,20.9,0.0075
1.7375,213,171.8,20.9,0.0075
1.745,214,173.9,20.9,0.0075
1.7535,215,176.2,20.9,0.0085
1.762,216,178.4,20.9,0.0075
1.7705,217,180.4,20.9,0.0075
1.779,218,182.4,20.9,0.0075
1.787,219,184,20.9,0.008
1.7935,220,185,20.9,0.007
1.7935,460,194.4,21,0
1.794,461,194.4,21,0.0005
1.7955,462,194.3,21,0.0015
1.798,463,194.4,21,0.0025
1.8015,464,194.6,21,0.003
1.8075,465,195,21,0.0055
1.816,466,195.5,21,0.0075
1.8235,467,196.3,21,0.0075
1.832,468,197,21,0.0085
1.8405,469,197.8,21,0.0075
1.8485,470,198.6,21,0.0075
1.857,471,199.5,21,0.0075
1.8655,472,200.2,21,0.0085
1.873,473,200.9,21,0.0075
1.8815,474,201.7,21,0.0085
1.89,475,202.4,21,0.0075
1.8985,476,203.1,21,0.0075
1.907,477,203.9,21,0.0075
1.915,478,204.5,21,0.0075
1.923,479,205.2,21,0.008
1.931,480,205.9,21,0.008
1.9395,481,206.5,21,0.0075
1.948,482,207.3,21,0.0075
1.9565,483,207.9,21,0.0075
1.964,484,208.4,21,0.0075
1.9725,485,209,21,0.0085
1.981,486,209.6,21,0.0085
1.9895,487,210.2,21,0.0075
1.998,488,210.7,21,0.0075
2.006,489,211.2,21,0.0075
2.014,490,211.7,21,0.008
2.022,491,212.2,21,0.008
2.0305,492,212.8,21,0.0085
2.039,493,213.3,21,0.0075
2.0475,494,213.8,21,0.0075
2.056,495,214.2,21,0.0075
2.0635,496,214.7,21,0.0075
2.072,497,215.1,21,0.0085
2.0805,498,215.5,21,0.0075
2.0885,499,215.9,21,0.0075
2.097,500,216.4,21,0.0075
2.1055,501,216.9,21,0.0075
2.113,502,217.3,21,0.0075
2.1215,503,217.7,21,0.0085
2.13,504,218.1,21,0.0085
2.1385,505,218.5,21,0.0075
2.147,506,219,21,0.0075
2.1555,507,219.3,21,0.0075
2.163,508,219.7,21,0.0075
2.1715,509,220.1,21,0.0085
2.1795,510,220.4,21,0.0075
2.188,511,220.8,21,0.0075
2.1965,512,221.2,21,0.0075
2.205,513,221.6,21,0.0075
2.2125,514,221.8,21,0.0075
2.221,515,222.2,21,0.0085
2.2295,516,222.6,21,0.0075
2.238,517,222.9,21,0.0075
2.246,518,223.3,21,0.0075
2.2545,519,223.5,21,0.0085
2.262,520,223.9,21,0.0075
2.2705,521,224.1,21,0.0085
2.279,522,224.5,21,0.0075
2.2875,523,224.8,21,0.0075
2.296,524,225.1,21,0.0075
2.3045,525,225.4,21,0.0085
2.312,526,225.7,21,0.0075
2.3205,527,226,21,0.0085
2.329,528,226.3,21,0.0075
2.337,529,226.6,21,0.0075
2.3455,530,226.8,21,0.0075
2.354,531,227.2,21,0.0085
2.3615,532,227.4,21,0.0075
2.37,533,227.7,21,0.0085
2.3785,534,228,21,0.0075
2.387,535,228.3,21,0.0075
2.3955,536,228.5,21,0.0075
2.4035,537,228.8,21,0.0075
2.411,538,229,21,0.0075
2.4195,539,229.4,21,0.0085
2.428,540,229.6,21,0.0075
2.4365,541,229.9,21,0.0075
2.445,542,230.2,21,0.0075
2.4525,543,230.4,21,0.0075
2.461,544,230.6,21,0.0085
2.4695,545,230.8,21,0.0085
2.478,546,231.1,21,0.0075
2.486,547,231.4,21,0.0075
2.4945,548,231.6,21,0.0075
2.503,549,231.8,21,0.0075
2.5105,550,232.1,21,0.0075
2.519,551,232.2,21,0.0085
2.5275,552,232.5,21,0.0075
2.536,553,232.7,21,0.0075
2.5445,554,232.9,21,0.0075
2.5525,555,233.2,21,0.008
2.5605,556,233.4,21,0.008
2.5685,557,233.6,21,0.008
2.577,558,233.9,21,0.0075
2.5855,559,234.1,21,0.0075
2.5935,560,234.2,21,0.0075
2.5985,561,234.5,21,0.005
2.5995,562,234.6,21,0.001
2.6,563,234.7,21,0.0005
2.601,564,234.8,21,0.001
2.602,565,234.8,21,0.001
2.604,566,234.8,21,0.002
2.607,567,234.8,21,0.0025
2.611,568,234.9,21,0.004
2.617,569,234.9,21,0.006
2.6205,570,235,21,0.007
Scope 1/1, Sample 4/9 (20160805_Bin4),,,
Result,TitrationEP1,,,
V,t,E,T,dV/dt
0,0,-58.7,20.9,NaN
0.001,1,-60.6,20.9,0.001
0.0025,2,-61.1,20.9,0.0015
0.005,3,-61.5,20.9,0.002
0.009,4,-61.8,20.9,0.0035
0.015,5,-62.1,20.9,0.0055
0.0235,6,-62.4,20.9,0.0075
0.032,7,-62.6,20.9,0.0075
0.0405,8,-62.8,20.9,0.0075
0.049,9,-62.9,20.9,0.0075
0.0565,10,-63,20.9,0.007
0.065,11,-63,20.9,0.0075
0.0735,12,-63.1,20.9,0.0075
0.0815,13,-63.1,20.9,0.0075
0.09,14,-63.1,20.9,0.0075
0.0985,15,-63.1,20.9,0.0075
0.106,16,-63,20.9,0.007
0.1145,17,-62.9,20.9,0.0075
0.123,18,-62.8,20.9,0.0075
0.1315,19,-62.7,20.9,0.0075
0.14,20,-62.6,20.9,0.0075
0.148,21,-62.5,20.9,0.0075
0.156,22,-62.3,20.9,0.0075
0.164,23,-62.1,20.9,0.0075
0.1725,24,-61.8,20.9,0.0075
0.181,25,-61.7,20.9,0.0075
0.1895,26,-61.4,20.9,0.0075
0.198,27,-61.2,20.9,0.0075
0.2055,28,-60.9,20.9,0.007
0.214,29,-60.7,20.9,0.0075
0.2225,30,-60.3,20.9,0.0075
0.2305,31,-60,20.9,0.0075
0.239,32,-59.7,20.9,0.0075
0.2475,33,-59.3,20.9,0.0075
0.255,34,-58.9,20.9,0.007
0.2635,35,-58.5,20.9,0.0075
0.272,36,-58.1,20.9,0.0075
0.2805,37,-57.7,20.9,0.0075
0.289,38,-57.3,20.9,0.0075
0.2965,39,-56.7,20.9,0.007
0.305,40,-56.3,20.9,0.0075
0.3135,41,-55.8,20.9,0.0075
0.3215,42,-55.3,20.9,0.0075
0.33,43,-54.6,20.9,0.0075
0.3385,44,-54,20.9,0.007
0.346,45,-53.5,20.9,0.007
0.3545,46,-52.8,20.9,0.0075
0.363,47,-52.1,20.9,0.0075
0.3715,48,-51.4,20.9,0.0075
0.38,49,-50.6,20.9,0.0075
0.3885,50,-49.8,20.9,0.007
0.396,51,-49.1,20.9,0.007
0.4045,52,-48.2,20.9,0.0075
0.4125,53,-47.3,20.9,0.0075
0.421,54,-46.4,20.9,0.0075
0.4295,55,-45.4,20.9,0.0075
0.438,56,-44.4,20.9,0.0075
0.4455,57,-43.3,20.9,0.007
0.454,58,-42,20.9,0.0075
0.4625,59,-40.8,20.9,0.0075
0.471,60,-39.5,20.9,0.0075
0.4795,61,-38.1,20.9,0.0075
0.4875,62,-36.8,20.9,0.0075
0.495,63,-35.1,20.9,0.007
0.5035,64,-33.4,20.9,0.0075
0.512,65,-31.7,20.9,0.0075
0.5205,66,-29.7,20.9,0.0075
0.529,67,-27.6,20.9,0.0075
0.5375,68,-25.8,20.9,0.0075
0.545,69,-23.8,20.9,0.007
0.5535,70,-22,20.9,0.0075
0.562,71,-20.3,20.9,0.0075
0.57,72,-18.7,20.9,0.0075
0.5785,73,-17,20.9,0.0075
0.587,74,-15.6,20.9,0.007
0.5945,75,-14.5,20.9,0.007
0.603,76,-13.4,20.9,0.0075
0.6115,77,-12.3,20.9,0.0075
0.62,78,-11.3,20.9,0.0075
0.6285,79,-10.4,20.9,0.0075
0.6365,80,-9.4,20.9,0.0075
0.6445,81,-8.6,20.9,0.0075
0.6525,82,-7.7,20.9,0.0075
0.661,83,-6.8,20.9,0.0075
0.6695,84,-5.7,20.9,0.0075
0.678,85,-4.9,20.9,0.0075
0.6865,86,-3.7,20.9,0.0075
0.694,87,-2.6,20.9,0.007
0.7025,88,-1.5,20.9,0.0075
0.711,89,-0.3,20.9,0.0075
0.7195,90,0.1,20.9,0.0075
0.7275,91,0.8,20.9,0.0075
0.7355,92,1.4,20.9,0.0075
0.7435,93,2.4,20.9,0.0075
0.752,94,3.3,20.9,0.0075
0.7605,95,4.1,20.9,0.0075
0.769,96,4.7,20.9,0.0075
0.7775,97,5.6,20.9,0.007
0.785,98,6.1,20.9,0.007
0.7935,99,6.7,20.9,0.0075
0.802,100,7.4,20.9,0.0075
0.81,101,8.1,20.9,0.0075
0.8185,102,9.3,20.9,0.0075
0.827,103,10,20.9,0.007
0.8345,104,10.8,20.9,0.007
0.843,105,11.8,20.9,0.0075
0.8515,106,13.1,20.9,0.0075
0.86,107,13.9,20.9,0.0075
0.8685,108,14.5,20.9,0.0075
0.877,109,15.3,20.9,0.007
0.8845,110,16.1,20.9,0.007
0.893,111,16.6,20.9,0.0075
0.901,112,17.2,20.9,0.0075
0.9095,113,17.8,20.9,0.0075
0.918,114,18.4,20.9,0.0075
0.9265,115,19,20.9,0.0075
0.934,116,19.8,20.9,0.007
0.9425,117,20.7,20.9,0.0075
0.951,118,21.4,20.9,0.0075
0.9595,119,22.1,20.9,0.0075
0.968,120,22.9,20.9,0.0075
0.9755,121,23.6,20.9,0.007
0.984,122,24.3,20.9,0.0075
0.992,123,25.2,20.9,0.0075
1.0005,124,25.9,20.9,0.0075
1.009,125,26.6,20.9,0.0075
1.0175,126,27.2,20.9,0.007
1.025,127,27.9,20.9,0.007
1.0335,128,28.7,20.9,0.0075
1.042,129,29.5,20.9,0.0075
1.0505,130,30.3,20.9,0.0075
1.059,131,31.5,20.9,0.0075
1.067,132,32.1,20.9,0.0065
1.0745,133,32.9,20.9,0.007
1.083,134,34,20.9,0.0075
1.0915,135,35,20.9,0.0075
1.1,136,35.8,20.9,0.0075
1.1085,137,37.1,20.9,0.0075
1.117,138,37.7,20.9,0.0075
1.1245,139,38.2,20.9,0.007
1.133,140,38.8,20.9,0.0075
1.141,141,39.4,20.9,0.0075
1.1495,142,40.2,20.9,0.0075
1.158,143,41.1,20.9,0.0075
1.1665,144,42,20.9,0.0075
1.175,145,42.7,20.9,0.0075
1.1825,146,43.3,20.9,0.007
1.191,147,44.2,20.9,0.0075
1.1995,148,45,20.9,0.0075
1.2075,149,45.9,20.9,0.0075
1.216,150,46.8,20.9,0.0075
1.2245,151,47.5,20.9,0.0075
1.232,152,48.7,20.9,0.007
1.2405,153,49.9,20.9,0.0075
1.249,154,50.6,20.9,0.0075
1.2575,155,51.5,20.9,0.0075
1.266,156,52.3,20.9,0.0075
1.2735,157,53,20.9,0.007
1.282,158,53.9,20.9,0.0075
1.29,159,54.9,20.9,0.0075
1.2985,160,55.8,20.9,0.0075
1.307,161,56.7,20.9,0.0075
1.3155,162,57.9,20.9,0.0075
1.323,163,58.9,20.9,0.007
1.3315,164,59.9,20.9,0.0075
1.34,165,61.6,20.9,0.0075
1.3485,166,62.7,20.9,0.0075
1.357,167,64,20.9,0.0075
1.365,168,65.3,20.9,0.0065
1.373,169,66.3,20.9,0.0075
1.381,170,68.1,20.9,0.0075
1.3895,171,68.8,20.9,0.0075
1.398,172,70.2,20.9,0.0075
1.4065,173,71.3,20.9,0.0075
1.415,174,72.4,20.9,0.007
1.4225,175,73.7,20.9,0.007
1.431,176,75.9,20.9,0.0075
1.4395,177,77.2,20.9,0.0075
1.448,178,78.4,20.9,0.007
1.456,179,79.8,20.9,0.0075
1.4645,180,81.5,20.9,0.007
1.472,181,83.1,20.9,0.007
1.4805,182,84.7,20.9,0.0075
1.489,183,86.3,20.9,0.0075
1.4975,184,88.7,20.9,0.0075
1.506,185,91.5,20.9,0.0075
1.5145,186,93.9,20.9,0.007
1.522,187,95.6,20.9,0.007
1.5305,188,98,20.9,0.0075
1.5385,189,100.7,20.9,0.0075
1.547,190,103.8,20.9,0.0075
1.5555,191,106.7,20.9,0.0075
1.564,192,110.1,20.9,0.007
1.5715,193,113.1,20.9,0.007
1.58,194,117,20.9,0.0075
1.5885,195,120.4,20.9,0.0075
1.597,196,124,20.9,0.0075
1.605,197,127.8,20.9,0.0075
1.6135,198,132,20.9,0.007
1.621,199,135.5,20.9,0.007
1.6295,200,139.1,20.9,0.0075
1.638,201,142.7,20.9,0.0075
1.6465,202,146.2,20.9,0.0075
1.655,203,149.4,20.9,0.0075
1.6635,204,152.7,20.9,0.007
1.671,205,155.7,20.9,0.007
1.6795,206,158.7,20.9,0.0075
1.6875,207,161.6,20.9,0.0075
1.696,208,164.4,20.9,0.0075
1.7045,209,167.1,20.9,0.0075
1.713,210,169.8,20.9,0.007
1.7205,211,172.1,20.9,0.007
1.729,212,174.3,20.9,0.0075
1.7375,213,176.6,20.9,0.0075
1.746,214,178.7,20.9,0.0075
1.7545,215,180.7,20.9,0.0075
1.7625,216,182.6,20.9,0.0075
1.7705,217,184.3,20.9,0.0075
1.7755,218,185,20.9,0.007
1.7755,458,194.8,21,0
1.776,459,194.8,21,0.0005
1.7775,460,194.9,21,0.002
1.78,461,194.9,21,0.003
1.784,462,195.1,21,0.005
1.7905,463,195.5,21,0.008
1.799,464,195.9,21,0.0105
1.8065,465,196.6,21,0.0105
1.815,466,197.3,21,0.012
1.8235,467,198.2,21,0.0105
1.832,468,199,21,0.0105
1.84,469,199.9,21,0.01
1.8485,470,200.7,21,0.0105
1.856,471,201.4,21,0.0105
1.8645,472,202.1,21,0.012
1.873,473,202.8,21,0.0105
1.8815,474,203.6,21,0.0105
1.89,475,204.3,21,0.0105
1.8975,476,204.9,21,0.0105
1.906,477,205.6,21,0.012
1.9145,478,206.2,21,0.012
1.923,479,206.8,21,0.0105
1.931,480,207.5,21,0.01
1.9395,481,208.1,21,0.0105
1.947,482,208.8,21,0.0095
1.9555,483,209.4,21,0.012
1.964,484,210,21,0.012
1.9725,485,210.5,21,0.0105
1.981,486,211.1,21,0.0105
1.9895,487,211.6,21,0.0105
1.997,488,212,21,0.0105
2.0055,489,212.5,21,0.012
2.0135,490,213,21,0.0115
2.022,491,213.6,21,0.0105
2.0305,492,214.1,21,0.0105
2.039,493,214.6,21,0.0105
2.0465,494,215,21,0.0105
2.055,495,215.5,21,0.012
2.0635,496,215.9,21,0.012
2.072,497,216.4,21,0.0105
2.08,498,216.8,21,0.01
2.0885,499,217.2,21,0.0105
2.097,500,217.6,21,0.012
2.1045,501,218,21,0.0105
2.113,502,218.4,21,0.012
2.1215,503,218.8,21,0.0105
2.13,504,219.3,21,0.0105
2.1385,505,219.6,21,0.0105
2.1465,506,220.1,21,0.01
2.1545,507,220.4,21,0.0115
2.1625,508,220.8,21,0.0115
2.171,509,221.2,21,0.0105
2.1795,510,221.5,21,0.0105
2.188,511,221.9,21,0.0105
2.1955,512,222.2,21,0.0105
2.204,513,222.5,21,0.012
2.2125,514,222.9,21,0.012
2.221,515,223.3,21,0.0105
2.229,516,223.6,21,0.01
2.2375,517,223.9,21,0.0105
2.246,518,224.1,21,0.012
2.2535,519,224.5,21,0.0105
2.262,520,224.8,21,0.012
2.2705,521,225.2,21,0.0105
2.279,522,225.5,21,0.0105
2.2875,523,225.8,21,0.0105
2.2955,524,226,21,0.0115
2.3035,525,226.3,21,0.0115
2.312,526,226.6,21,0.012
2.32,527,227,21,0.01
2.3285,528,227.2,21,0.0105
2.337,529,227.5,21,0.0105
2.3455,530,227.8,21,0.012
2.353,531,228.1,21,0.0105
2.3615,532,228.4,21,0.012
2.37,533,228.7,21,0.0105
2.3785,534,228.9,21,0.0105
2.3865,535,229.2,21,0.01
2.395,536,229.4,21,0.012
2.4025,537,229.7,21,0.0105
2.411,538,230,21,0.012
2.4195,539,230.2,21,0.0105
2.428,540,230.4,21,0.0105
2.4365,541,230.7,21,0.0105
2.445,542,231,21,0.012
2.4525,543,231.1,21,0.0105
2.461,544,231.4,21,0.012
2.469,545,231.7,21,0.0115
2.4775,546,231.9,21,0.0105
2.486,547,232.2,21,0.0105
2.4945,548,232.4,21,0.0105
2.502,549,232.6,21,0.0105
2.5105,550,232.8,21,0.012
2.519,551,233.1,21,0.0105
2.5275,552,233.3,21,0.0105
2.5355,553,233.5,21,0.01
2.544,554,233.7,21,0.0105
2.5515,555,234,21,0.0105
2.5595,556,234.2,21,0.0115
2.5655,557,234.3,21,0.0085
2.5675,558,234.5,21,0.0025
2.5685,559,234.7,21,0.001
2.5695,560,234.7,21,0.001
2.5705,561,234.7,21,0.0015
2.5725,562,234.8,21,0.003
2.5745,563,234.8,21,0.0025
2.5775,564,234.9,21,0.0035
2.582,565,234.9,21,0.0055
2.5885,566,235,21,0.008
Scope 1/1, Sample 5/9 (20160805_Bin5),,,
Result,TitrationEP1,,,
V,t,E,T,dV/dt
0,0,-57.6,20.7,NaN
0.001,1,-59.4,20.7,0.001
0.0025,2,-59.8,20.7,0.001
0.005,3,-60.2,20.7,0.002
0.009,4,-60.6,20.7,0.0035
0.015,5,-60.9,20.7,0.0055
0.0235,6,-61.2,20.7,0.0075
0.032,7,-61.4,20.7,0.0075
0.0405,8,-61.6,20.7,0.0075
0.049,9,-61.7,20.7,0.007
0.0565,10,-61.8,20.7,0.007
0.065,11,-61.8,20.7,0.0075
0.0735,12,-61.9,20.7,0.0075
0.0815,13,-61.9,20.7,0.0075
0.09,14,-61.9,20.7,0.0075
0.0985,15,-61.8,20.7,0.007
0.106,16,-61.8,20.7,0.007
0.1145,17,-61.7,20.7,0.0075
0.123,18,-61.7,20.7,0.0075
0.1315,19,-61.6,20.7,0.0075
0.14,20,-61.5,20.7,0.0075
0.1485,21,-61.3,20.7,0.007
0.156,22,-61.1,20.7,0.007
0.1645,23,-61,20.7,0.0075
0.1725,24,-60.8,20.7,0.0075
0.181,25,-60.6,20.7,0.0075
0.1895,26,-60.4,20.7,0.0075
0.198,27,-60.2,20.7,0.007
0.2055,28,-59.9,20.7,0.007
0.214,29,-59.6,20.7,0.0075
0.2225,30,-59.3,20.7,0.0075
0.231,31,-59,20.7,0.0075
0.239,32,-58.7,20.7,0.0075
0.2475,33,-58.4,20.7,0.007
0.255,34,-58,20.7,0.007
0.2635,35,-57.7,20.7,0.0075
0.272,36,-57.2,20.7,0.0075
0.2805,37,-56.8,20.7,0.0075
0.289,38,-56.4,20.7,0.0075
0.2975,39,-56,20.7,0.0075
0.305,40,-55.5,20.7,0.007
0.3135,41,-55,20.7,0.0075
0.3215,42,-54.5,20.7,0.0075
0.33,43,-53.9,20.7,0.0075
0.3385,44,-53.3,20.7,0.0075
0.347,45,-52.8,20.7,0.007
0.3545,46,-52.1,20.7,0.007
0.363,47,-51.6,20.7,0.0075
0.3715,48,-50.8,20.7,0.0075
0.38,49,-50.1,20.7,0.0075
0.388,50,-49.4,20.7,0.0075
0.3965,51,-48.6,20.7,0.007
0.404,52,-47.9,20.7,0.007
0.4125,53,-47,20.7,0.0075
0.421,54,-46.1,20.7,0.0075
0.4295,55,-45.1,20.7,0.0075
0.438,56,-44.2,20.7,0.0075
0.4465,57,-43.1,20.7,0.007
0.454,58,-42.1,20.7,0.007
0.4625,59,-40.8,20.7,0.0075
0.4705,60,-39.5,20.7,0.0075
0.479,61,-38.3,20.7,0.0075
0.4875,62,-36.8,20.7,0.0075
0.496,63,-35.5,20.7,0.0075
0.5035,64,-33.8,20.7,0.007
0.512,65,-32.1,20.7,0.0075
0.5205,66,-30.2,20.7,0.0075
0.529,67,-28.3,20.7,0.0075
0.5375,68,-26.2,20.7,0.0075
0.545,69,-24.4,20.7,0.007
0.5535,70,-22.4,20.7,0.0075
0.5615,71,-20.5,20.7,0.0075
0.57,72,-18.7,20.7,0.0075
0.5785,73,-17.2,20.7,0.0075
0.587,74,-15.8,20.7,0.007
0.5945,75,-14.1,20.7,0.007
0.603,76,-12.8,20.7,0.0075
0.6115,77,-11.9,20.7,0.0075
0.62,78,-10.9,20.7,0.0075
0.6285,79,-10,20.7,0.0075
0.6365,80,-9.1,20.7,0.0065
0.6445,81,-8.2,20.7,0.0075
0.6525,82,-7.3,20.7,0.0075
0.661,83,-6.4,20.7,0.0075
0.6695,84,-5.6,20.7,0.0075
0.678,85,-4.8,20.7,0.0075
0.6865,86,-3.9,20.7,0.007
0.694,87,-2.9,20.7,0.007
0.7025,88,-1.9,20.7,0.0075
0.711,89,-0.6,20.7,0.0075
0.7195,90,-0.2,20.7,0.0075
0.7275,91,0.2,20.7,0.0075
0.736,92,1,20.7,0.007
0.7435,93,1.8,20.7,0.007
0.752,94,2.5,20.7,0.0075
0.7605,95,3.2,20.7,0.0075
0.769,96,4,20.7,0.0075
0.7775,97,4.9,20.7,0.0075
0.786,98,5.9,20.7,0.0075
0.7935,99,6.5,20.7,0.007
0.802,100,7.1,20.7,0.0075
0.81,101,7.7,20.7,0.0075
0.8185,102,8.5,20.7,0.0075
0.827,103,9.3,20.7,0.0075
0.8355,104,10,20.7,0.0075
0.843,105,10.9,20.7,0.007
0.8515,106,11.6,20.7,0.0075
0.86,107,12.6,20.7,0.0075
0.8685,108,13.9,20.7,0.0075
0.877,109,14.5,20.7,0.0075
0.8845,110,15.1,20.7,0.007
0.893,111,15.8,20.7,0.0075
0.901,112,16.5,20.7,0.0075
0.9095,113,17.2,20.7,0.0075
0.918,114,17.9,20.7,0.0075
0.9265,115,18.7,20.7,0.007
0.934,116,19.4,20.7,0.007
0.9425,117,20.2,20.7,0.0075
0.951,118,21,20.7,0.0075
0.9595,119,22.1,20.7,0.007
0.968,120,22.7,20.7,0.0075
0.976,121,23.3,20.7,0.0065
0.984,122,24,20.7,0.0075
0.992,123,24.7,20.7,0.0075
1.0005,124,25.3,20.7,0.0075
1.009,125,25.9,20.8,0.0075
1.0175,126,26.6,20.7,0.0075
1.026,127,27.3,20.7,0.007
1.0335,128,27.9,20.7,0.007
1.042,129,28.8,20.7,0.0075
1.0505,130,29.5,20.7,0.0075
1.0585,131,30.3,20.7,0.0075
1.067,132,31.1,20.8,0.0075
1.0755,133,31.8,20.8,0.0075
1.083,134,32.6,20.7,0.007
1.0915,135,33.3,20.8,0.0075
1.1,136,34.1,20.8,0.0075
1.1085,137,34.8,20.8,0.0075
1.117,138,35.6,20.7,0.007
1.1245,139,36.3,20.8,0.007
1.133,140,37.1,20.8,0.0075
1.1415,141,37.9,20.8,0.0075
1.1495,142,38.6,20.8,0.0075
1.158,143,39.6,20.8,0.0075
1.1665,144,40.4,20.8,0.0075
1.174,145,41,20.8,0.007
1.1825,146,41.8,20.8,0.0075
1.191,147,42.7,20.8,0.0075
1.1995,148,43.5,20.8,0.0075
1.208,149,44.2,20.8,0.0075
1.216,150,45.3,20.8,0.0075
1.224,151,46,20.8,0.0075
1.232,152,46.9,20.8,0.0075
1.2405,153,47.8,20.8,0.0075
1.249,154,48.7,20.8,0.0075
1.2575,155,49.5,20.8,0.0075
1.266,156,50.4,20.8,0.0075
1.2735,157,51.2,20.8,0.007
1.282,158,52.1,20.8,0.0075
1.2905,159,53,20.8,0.0075
1.2985,160,54.3,20.8,0.0075
1.307,161,55.3,20.8,0.0075
1.3155,162,56.1,20.8,0.0075
1.323,163,56.9,20.8,0.007
1.3315,164,58.1,20.8,0.0075
1.34,165,59.3,20.8,0.0075
1.3485,166,60.4,20.8,0.0075
1.357,167,61.5,20.8,0.0075
1.3655,168,62.6,20.8,0.0075
1.373,169,63.5,20.8,0.007
1.3815,170,64.6,20.8,0.0075
1.3895,171,65.8,20.8,0.0075
1.398,172,66.7,20.8,0.0075
1.4065,173,67.9,20.8,0.0075
1.415,174,69.2,20.8,0.0075
1.4225,175,70.3,20.8,0.007
1.431,176,71.9,20.8,0.0075
1.4395,177,73.4,20.8,0.0075
1.448,178,75,20.8,0.0075
1.456,179,76.3,20.8,0.0075
1.4645,180,77.8,20.8,0.007
1.4725,181,78.9,20.8,0.0075
1.4805,182,80.7,20.8,0.0075
1.489,183,82.4,20.8,0.0075
1.4975,184,84.1,20.8,0.0075
1.506,185,86,20.8,0.0075
1.5135,186,87.8,20.8,0.007
1.522,187,89.8,20.8,0.0075
1.5305,188,92.5,20.8,0.0075
1.539,189,95.2,20.8,0.0075
1.5475,190,97.5,20.8,0.0075
1.5555,191,100,20.8,0.0075
1.564,192,102.4,20.8,0.0075
1.5715,193,105.2,20.8,0.007
1.58,194,108.2,20.8,0.0075
1.5885,195,111.4,20.8,0.0075
1.597,196,114.7,20.8,0.0075
1.6055,197,118.2,20.8,0.0075
1.6135,198,121.9,20.8,0.0075
1.6215,199,125.2,20.8,0.0075
1.6295,200,128.8,20.8,0.0075
1.638,201,132.5,20.8,0.0075
1.6465,202,136.2,20.8,0.0075
1.655,203,139.9,20.8,0.0075
1.6635,204,143.1,20.8,0.0075
1.671,205,146.4,20.8,0.007
1.6795,206,149.7,20.8,0.0075
1.688,207,153.1,20.8,0.0075
1.6965,208,156.1,20.8,0.0075
1.7045,209,159.1,20.8,0.0075
1.713,210,161.7,20.8,0.0075
1.7205,211,164.3,20.8,0.007
1.729,212,166.9,20.8,0.0075
1.7375,213,169.5,20.8,0.0075
1.746,214,172,20.8,0.0075
1.7545,215,174.3,20.8,0.0075
1.763,216,176.4,20.8,0.007
1.7705,217,178.3,20.8,0.007
1.779,218,180.3,20.8,0.0075
1.787,219,182.2,20.8,0.0075
1.7955,220,184,20.8,0.0075
1.8025,221,185,20.8,0.008
1.8025,461,194.6,20.8,0
1.803,462,194.7,20.8,0.0005
1.8045,463,194.6,20.8,0.0015
1.807,464,194.7,20.8,0.0025
1.811,465,194.9,20.8,0.0035
1.817,466,195.2,20.8,0.0055
1.8255,467,195.8,20.8,0.0075
1.833,468,196.5,20.8,0.0075
1.8415,469,197.3,20.8,0.0085
1.85,470,198,20.8,0.0085
1.8585,471,198.8,20.8,0.0075
1.8665,472,199.6,20.8,0.0075
1.875,473,200.4,20.8,0.0085
1.8825,474,201.1,20.8,0.0075
1.891,475,201.9,20.8,0.0085
1.8995,476,202.7,20.8,0.0075
1.908,477,203.3,20.8,0.0075
1.9165,478,204,20.8,0.0075
1.925,479,204.7,20.8,0.0085
1.9325,480,205.3,20.8,0.0075
1.941,481,206,20.8,0.0085
1.9495,482,206.6,20.8,0.0075
1.9575,483,207.2,20.8,0.0075
1.966,484,207.8,20.8,0.0075
1.9735,485,208.4,20.8,0.0075
1.982,486,208.9,20.8,0.0085
1.9905,487,209.5,20.8,0.0085
1.999,488,210.1,20.8,0.0075
2.0075,489,210.7,20.8,0.0075
2.016,490,211.2,20.8,0.0075
2.0235,491,211.7,20.8,0.0075
2.032,492,212.1,20.8,0.0085
2.04,493,212.6,20.8,0.008
2.0485,494,213.2,20.8,0.0075
2.057,495,213.6,20.8,0.0075
2.0655,496,214.1,20.8,0.0075
2.073,497,214.5,20.8,0.0075
2.0815,498,215,20.8,0.0085
2.09,499,215.4,20.8,0.0085
2.0985,500,215.9,20.8,0.0075
2.1065,501,216.3,20.8,0.0075
2.115,502,216.7,20.8,0.0075
2.1225,503,217.1,20.8,0.0075
2.131,504,217.5,20.8,0.0085
2.1395,505,218,20.8,0.0085
2.148,506,218.4,20.8,0.0075
2.1565,507,218.8,20.8,0.0075
2.165,508,219.2,20.8,0.0075
2.1725,509,219.6,20.8,0.0075
2.181,510,220,20.8,0.0085
2.1895,511,220.3,20.8,0.0085
2.1975,512,220.7,20.8,0.0075
2.206,513,221,20.8,0.0075
2.2145,514,221.3,20.8,0.0075
2.222,515,221.7,20.8,0.0075
2.2305,516,222,20.8,0.0085
2.239,517,222.4,20.8,0.0075
2.2475,518,222.7,20.8,0.0075
2.256,519,223.1,20.8,0.0075
2.2645,520,223.3,20.8,0.0085
2.272,521,223.7,20.8,0.0075
2.2805,522,224,20.8,0.0085
2.2885,523,224.3,20.8,0.0075
2.297,524,224.7,20.8,0.0075
2.3055,525,225,20.8,0.0075
2.314,526,225.2,20.8,0.0085
2.3215,527,225.5,20.8,0.0075
2.33,528,225.8,20.8,0.0085
2.3385,529,226.2,20.8,0.0075
2.347,530,226.5,20.8,0.0075
2.3555,531,226.8,20.8,0.0075
2.363,532,227,20.8,0.0075
2.3715,533,227.3,20.8,0.0085
2.3795,534,227.5,20.8,0.008
2.388,535,227.8,20.8,0.0075
2.3965,536,228.1,20.8,0.0075
2.405,537,228.3,20.8,0.0075
2.4135,538,228.6,20.8,0.0085
2.421,539,228.8,20.8,0.0075
2.4295,540,229.1,20.8,0.0085
2.438,541,229.4,20.8,0.0075
2.446,542,229.6,20.8,0.0075
2.4545,543,229.9,20.8,0.0075
2.462,544,230.1,20.8,0.0075
2.4705,545,230.3,20.8,0.0085
2.479,546,230.6,20.8,0.0085
2.4875,547,230.8,20.8,0.0075
2.496,548,231.1,20.8,0.0075
2.5045,549,231.3,20.8,0.0075
2.512,550,231.5,20.8,0.0075
2.5205,551,231.8,20.8,0.0085
2.5285,552,232,20.8,0.008
2.537,553,232.3,20.8,0.0075
2.5455,554,232.5,20.8,0.0075
2.554,555,232.8,20.8,0.0075
2.5615,556,232.9,20.8,0.0075
2.57,557,233.2,20.8,0.0085
2.5785,558,233.4,20.8,0.0075
2.587,559,233.6,20.8,0.0075
2.595,560,233.9,20.8,0.0075
2.6035,561,234,20.8,0.0075
2.611,562,234.2,20.8,0.0075
2.6175,563,234.4,20.8,0.0065
2.6185,564,234.6,20.8,0.001
2.6185,565,234.6,20.8,0
2.6195,566,234.7,20.8,0.001
2.621,567,234.6,20.8,0.0015
2.623,568,234.7,20.8,0.002
2.626,569,234.7,20.8,0.003
2.63,570,234.8,20.8,0.004
2.635,571,234.9,20.8,0.0045
2.6385,572,235,20.8,0.005
Scope 1/1, Sample 6/9 (20160805_Bin6),,,
Result,TitrationEP1,,,
V,t,E,T,dV/dt
0,0,-55.5,20.6,NaN
0.0005,1,-57.2,20.6,0.0005
0.0025,2,-57.6,20.6,0.002
0.005,3,-58,20.6,0.0025
0.009,4,-58.5,20.6,0.0035
0.015,5,-58.8,20.6,0.0055
0.0235,6,-59.1,20.6,0.0085
0.031,7,-59.3,20.6,0.0075
0.0395,8,-59.5,20.6,0.0085
0.048,9,-59.6,20.6,0.0075
0.0565,10,-59.7,20.6,0.0075
0.065,11,-59.7,20.6,0.0075
0.0725,12,-59.7,20.6,0.0075
0.081,13,-59.8,20.6,0.0085
0.0895,14,-59.9,20.6,0.0085
0.098,15,-59.8,20.6,0.0075
0.106,16,-59.8,20.6,0.0075
0.1145,17,-59.8,20.6,0.0075
0.122,18,-59.6,20.6,0.0075
0.1305,19,-59.5,20.6,0.0085
0.139,20,-59.4,20.6,0.0085
0.1475,21,-59.2,20.6,0.0075
0.156,22,-59.1,20.6,0.0075
0.1645,23,-58.9,20.6,0.0075
0.172,24,-58.7,20.6,0.0075
0.1805,25,-58.5,20.6,0.0085
0.1885,26,-58.3,20.6,0.008
0.197,27,-58,20.6,0.0075
0.2055,28,-57.7,20.6,0.0075
0.214,29,-57.5,20.6,0.0075
0.2215,30,-57.2,20.6,0.0075
0.23,31,-56.9,20.6,0.0085
0.2385,32,-56.5,20.6,0.0085
0.247,33,-56.1,20.6,0.0075
0.255,34,-55.7,20.6,0.0075
0.2635,35,-55.3,20.6,0.0075
0.271,36,-54.9,20.6,0.0075
0.2795,37,-54.5,20.6,0.0085
0.288,38,-54,20.6,0.0085
0.2965,39,-53.6,20.6,0.0075
0.305,40,-53.1,20.6,0.0075
0.3135,41,-52.5,20.6,0.0075
0.321,42,-52,20.6,0.0075
0.3295,43,-51.4,20.6,0.0085
0.338,44,-50.7,20.6,0.0085
0.346,45,-50.1,20.6,0.0075
0.3545,46,-49.4,20.6,0.0075
0.363,47,-48.6,20.6,0.0075
0.3705,48,-48.1,20.6,0.0075
0.379,49,-47.3,20.6,0.0085
0.3875,50,-46.5,20.6,0.0085
0.396,51,-45.5,20.6,0.0075
0.4045,52,-44.7,20.6,0.0075
0.413,53,-43.8,20.6,0.0085
0.4205,54,-42.8,20.6,0.0075
0.429,55,-41.8,20.6,0.0085
0.437,56,-40.7,20.6,0.0075
0.4455,57,-39.4,20.6,0.0075
0.454,58,-38.1,20.6,0.0075
0.4615,59,-36.8,20.6,0.0075
0.47,60,-35.3,20.6,0.0085
0.4785,61,-33.8,20.6,0.0085
0.487,62,-32.2,20.6,0.0075
0.4955,63,-30.4,20.6,0.0075
0.504,64,-28.6,20.6,0.0075
0.5115,65,-26.9,20.6,0.0075
0.5195,66,-24.9,20.6,0.008
0.528,67,-22.8,20.6,0.0085
0.5365,68,-20.9,20.6,0.0075
0.545,69,-19,20.6,0.0075
0.5535,70,-17.4,20.6,0.0075
0.561,71,-16.1,20.6,0.0075
0.5695,72,-14.8,20.6,0.0085
0.578,73,-13.3,20.6,0.0085
0.5865,74,-12.2,20.6,0.0075
0.5945,75,-11.2,20.6,0.0075
0.603,76,-10.1,20.6,0.0075
0.6105,77,-9.2,20.6,0.0075
0.619,78,-8.3,20.6,0.0085
0.6275,79,-7.3,20.6,0.0075
0.636,80,-6.5,20.6,0.0075
0.6445,81,-5.5,20.6,0.0075
0.653,82,-4.4,20.6,0.0075
0.6605,83,-3.7,20.6,0.0075
0.669,84,-2.8,20.6,0.0085
0.6775,85,-1.7,20.6,0.0075
0.6855,86,-0.5,20.6,0.0075
0.694,87,-0.1,20.6,0.0075
0.7025,88,0.3,20.6,0.0085
0.71,89,1.1,20.6,0.0075
0.7185,90,1.9,20.6,0.0085
0.727,91,2.9,20.6,0.0075
0.7355,92,3.6,20.6,0.0075
0.744,93,4.4,20.6,0.0075
0.752,94,5.2,20.6,0.0075
0.76,95,5.9,20.6,0.008
0.768,96,6.6,20.6,0.008
0.7765,97,7.2,20.6,0.0075
0.785,98,7.9,20.6,0.0075
0.7935,99,8.9,20.6,0.0075
0.802,100,9.7,20.6,0.0085
0.8095,101,10.3,20.6,0.0075
0.818,102,11.1,20.6,0.0085
0.8265,103,12.1,20.6,0.0075
0.8345,104,13,20.6,0.0075
0.843,105,13.8,20.6,0.0075
0.8515,106,14.7,20.6,0.0075
0.859,107,15.3,20.6,0.0075
0.8675,108,16.1,20.6,0.0085
0.876,109,17,20.6,0.0075
0.8845,110,17.8,20.6,0.0075
0.893,111,18.5,20.6,0.0075
0.901,112,19.1,20.6,0.008
0.909,113,19.7,20.6,0.008
0.9175,114,20.3,20.6,0.0085
0.9255,115,21,20.6,0.0075
0.934,116,21.8,20.6,0.0075
0.9425,117,22.4,20.6,0.0075
0.951,118,23.1,20.6,0.0085
0.9585,119,24,20.6,0.0075
0.967,120,24.7,20.6,0.0085
0.9755,121,25.4,20.6,0.0075
0.984,122,26.5,20.6,0.0075
0.992,123,27.5,20.6,0.0075
1,124,28.1,20.6,0.008
1.008,125,28.7,20.6,0.008
1.0165,126,29.4,20.6,0.0085
1.025,127,30.1,20.6,0.0075
1.0335,128,31.7,20.6,0.0075
1.042,129,32.3,20.6,0.0075
1.0495,130,32.9,20.6,0.0075
1.058,131,33.5,20.6,0.0085
1.0665,132,34.1,20.6,0.0085
1.0745,133,35.2,20.6,0.0075
1.083,134,36,20.6,0.0075
1.0915,135,36.5,20.6,0.0075
1.099,136,37.2,20.6,0.0075
1.1075,137,38,20.6,0.0085
1.116,138,38.8,20.6,0.0085
1.1245,139,39.4,20.6,0.0075
1.133,140,40.2,20.6,0.0075
1.141,141,41.2,20.6,0.0075
1.1495,142,42.2,20.6,0.0085
1.157,143,43,20.6,0.0075
1.1655,144,43.7,20.6,0.0085
1.174,145,44.5,20.6,0.0075
1.1825,146,45.1,20.6,0.0075
1.191,147,46.1,20.6,0.0075
1.1985,148,47.6,20.6,0.0075
1.207,149,48.2,20.6,0.0085
1.2155,150,48.8,20.6,0.0085
1.2235,151,49.5,20.6,0.0075
1.232,152,50.5,20.6,0.0075
1.2405,153,51.3,20.6,0.0075
1.248,154,52,20.7,0.0075
1.2565,155,52.9,20.7,0.0085
1.265,156,54,20.6,0.0085
1.2735,157,55,20.6,0.0075
1.282,158,56.1,20.7,0.0075
1.2905,159,56.9,20.6,0.0075
1.298,160,57.7,20.7,0.0075
1.3065,161,58.8,20.7,0.0085
1.3145,162,59.8,20.7,0.008
1.323,163,61,20.7,0.0075
1.3315,164,62.3,20.7,0.0075
1.34,165,63.8,20.7,0.0075
1.3475,166,64.7,20.7,0.0075
1.356,167,65.9,20.7,0.0085
1.3645,168,67,20.7,0.0085
1.373,169,68.4,20.7,0.0075
1.3815,170,69.7,20.7,0.0075
1.3895,171,71.1,20.7,0.0075
1.3975,172,72,20.7,0.008
1.4055,173,73.7,20.7,0.008
1.414,174,75,20.7,0.0075
1.4225,175,77.1,20.7,0.0075
1.431,176,78.4,20.7,0.0075
1.4395,177,79.6,20.7,0.0085
1.447,178,81.6,20.7,0.0075
1.4555,179,83.6,20.7,0.0085
1.464,180,85.2,20.7,0.0075
1.4725,181,87.1,20.7,0.0075
1.4805,182,89.1,20.7,0.0075
1.489,183,91.5,20.7,0.0085
1.4965,184,93.5,20.7,0.0075
1.505,185,95.8,20.7,0.0085
1.5135,186,98.5,20.7,0.0075
1.522,187,101.2,20.7,0.0075
1.5305,188,104.8,20.7,0.0075
1.539,189,107.3,20.7,0.0085
1.5465,190,110.9,20.7,0.0075
1.555,191,114.2,20.7,0.0085
1.563,192,117.8,20.7,0.0075
1.5715,193,121.4,20.7,0.0075
1.58,194,125.2,20.7,0.0075
1.5875,195,128.6,20.7,0.0075
1.596,196,132.2,20.7,0.0085
1.6045,197,136,20.7,0.0085
1.613,198,140.1,20.7,0.0075
1.6215,199,143.8,20.7,0.0075
1.63,200,147.1,20.7,0.0075
1.6375,201,150.1,20.7,0.0075
1.646,202,153.1,20.7,0.0085
1.654,203,156.2,20.7,0.0075
1.6625,204,159.4,20.7,0.0075
1.671,205,162.2,20.7,0.0075
1.6795,206,164.7,20.7,0.0085
1.687,207,167.3,20.7,0.0075
1.6955,208,169.7,20.7,0.0085
1.704,209,172.1,20.7,0.0075
1.7125,210,174.4,20.7,0.0075
1.721,211,176.6,20.7,0.0075
1.7285,212,178.5,20.7,0.0075
1.737,213,180.6,20.7,0.0085
1.745,214,182.4,20.7,0.008
1.7535,215,184.3,20.7,0.0075
1.7595,216,185.1,20.7,0.0075
1.7595,456,195.1,20.7,0
1.76,457,195.2,20.7,0.0005
1.762,458,195.2,20.7,0.002
1.7645,459,195.3,20.7,0.003
1.768,460,195.4,20.7,0.0035
1.7745,461,195.8,20.7,0.0065
1.783,462,196.3,20.7,0.0085
1.7905,463,196.9,20.7,0.0085
1.799,464,197.7,20.7,0.0095
1.8075,465,198.4,20.7,0.0095
1.816,466,199.4,20.7,0.0085
1.824,467,200.1,20.7,0.008
1.8325,468,200.7,20.7,0.0095
1.84,469,201.5,20.7,0.0085
1.8485,470,202.2,20.7,0.0095
1.857,471,202.9,20.7,0.0085
1.8655,472,203.6,20.7,0.0085
1.874,473,204.3,20.7,0.0085
1.8825,474,205,20.7,0.0095
1.89,475,205.6,20.7,0.0085
1.8985,476,206.2,20.7,0.0095
1.907,477,206.8,20.7,0.0085
1.915,478,207.5,20.7,0.008
1.9235,479,208.1,20.7,0.0085
1.931,480,208.7,20.7,0.0085
1.9395,481,209.2,20.7,0.0095
1.948,482,209.9,20.7,0.0095
1.9565,483,210.5,20.7,0.0085
1.965,484,211.1,20.7,0.0085
1.9735,485,211.5,20.7,0.0085
1.981,486,212,20.7,0.0085
1.9895,487,212.5,20.7,0.0095
1.9975,488,213,20.7,0.009
2.006,489,213.5,20.7,0.0085
2.0145,490,214,20.7,0.0085
2.023,491,214.4,20.7,0.0085
2.0305,492,214.8,20.7,0.0085
2.039,493,215.5,20.7,0.0095
2.0475,494,215.8,20.7,0.0095
2.056,495,216.2,20.7,0.0085
2.0645,496,216.7,20.7,0.0085
2.0725,497,217,20.7,0.008
2.0805,498,217.5,20.7,0.009
2.0885,499,217.9,20.7,0.009
2.097,500,218.2,20.7,0.0095
2.1055,501,218.7,20.7,0.0085
2.114,502,219.3,20.7,0.0085
2.1225,503,219.6,20.7,0.0085
2.13,504,219.8,20.7,0.0085
2.1385,505,220.3,20.7,0.0095
2.147,506,220.6,20.7,0.0095
2.155,507,221,20.7,0.008
2.1635,508,221.4,20.7,0.0085
2.172,509,221.6,20.7,0.0085
2.1795,510,222,20.7,0.0085
2.188,511,222.3,20.7,0.0095
2.1965,512,222.7,20.7,0.0095
2.205,513,223,20.7,0.0085
2.2135,514,223.3,20.7,0.0085
2.2215,515,223.6,20.7,0.008
2.2295,516,224,20.7,0.009
2.2375,517,224.3,20.7,0.009
2.246,518,224.6,20.7,0.0095
2.2545,519,224.9,20.7,0.0085
2.263,520,225.2,20.7,0.0085
2.2715,521,225.5,20.7,0.0085
2.279,522,225.8,20.7,0.0085
2.2875,523,226.1,20.7,0.0095
2.296,524,226.4,20.7,0.0085
2.3045,525,226.7,20.7,0.0085
2.3125,526,227,20.7,0.008
2.3205,527,227.3,20.7,0.009
2.329,528,227.5,20.7,0.0095
2.337,529,227.8,20.7,0.009
2.3455,530,228.1,20.7,0.0085
2.354,531,228.4,20.7,0.0085
2.3625,532,228.6,20.7,0.0085
2.37,533,229,20.7,0.0085
2.3785,534,229.1,20.7,0.0095
2.387,535,229.5,20.7,0.0095
2.3955,536,229.7,20.7,0.0085
2.4035,537,229.9,20.7,0.008
2.412,538,230.2,20.7,0.0085
2.4195,539,230.3,20.7,0.0085
2.428,540,230.6,20.7,0.0095
2.4365,541,230.8,20.7,0.0095
2.445,542,231.1,20.7,0.0085
2.4535,543,231.3,20.7,0.0085
2.462,544,231.6,20.7,0.0085
2.4695,545,231.8,20.7,0.0085
2.478,546,232,20.7,0.0095
2.486,547,232.3,20.7,0.009
2.4945,548,232.6,20.7,0.0085
2.503,549,232.8,20.7,0.0085
2.5115,550,233,20.7,0.0085
2.519,551,233.2,20.7,0.0085
2.5275,552,233.4,20.7,0.0095
2.536,553,233.6,20.7,0.0095
2.544,554,233.8,20.7,0.008
2.5525,555,234.1,20.7,0.0085
2.559,556,234.3,20.7,0.0065
2.564,557,234.4,20.7,0.0055
2.5675,558,234.6,20.7,0.004
2.568,559,234.7,20.7,0.0005
2.569,560,234.8,20.7,0.001
2.5705,561,234.8,20.7,0.0015
2.572,562,234.8,20.7,0.0015
2.5745,563,234.9,20.7,0.003
2.578,564,234.9,20.7,0.004
2.581,564,235,20.7,0.006
Scope 1/1, Sample 7/9 (20160805_Bin7),,,
Result,TitrationEP1,,,
V,t,E,T,dV/dt
0,0,-52,20.5,NaN
0.001,1,-53.9,20.5,0.001
0.0025,2,-54.4,20.5,0.0015
0.005,3,-54.8,20.5,0.002
0.0095,4,-55.2,20.5,0.0035
0.0155,5,-55.5,20.5,0.0055
0.0235,6,-55.9,20.5,0.0075
0.032,7,-56,20.5,0.0075
0.0405,8,-56.2,20.5,0.0075
0.049,9,-56.3,20.5,0.007
0.0575,10,-56.4,20.5,0.007
0.065,11,-56.5,20.5,0.007
0.0735,12,-56.5,20.5,0.0075
0.082,13,-56.6,20.5,0.0075
0.09,14,-56.6,20.5,0.0075
0.0985,15,-56.6,20.5,0.007
0.107,16,-56.6,20.5,0.007
0.1145,17,-56.6,20.5,0.007
0.123,18,-56.5,20.5,0.0075
0.1315,19,-56.4,20.5,0.0075
0.14,20,-56.3,20.5,0.0075
0.1485,21,-56.2,20.5,0.007
0.157,22,-56.1,20.5,0.007
0.1645,23,-55.9,20.5,0.007
0.1725,24,-55.8,20.5,0.0075
0.181,25,-55.5,20.5,0.0075
0.1895,26,-55.3,20.5,0.0075
0.198,27,-55.1,20.5,0.007
0.2065,28,-54.9,20.5,0.007
0.214,29,-54.7,20.5,0.007
0.2225,30,-54.4,20.5,0.0075
0.231,31,-54.1,20.5,0.0075
0.2395,32,-53.8,20.5,0.0075
0.2475,33,-53.4,20.5,0.0065
0.256,34,-52.9,20.5,0.0075
0.2635,35,-52.6,20.5,0.007
0.272,36,-52.5,20.5,0.0075
0.2805,37,-52,20.5,0.0075
0.289,38,-51,20.5,0.0075
0.2975,39,-50.8,20.5,0.007
0.306,40,-50.5,20.5,0.007
0.3135,41,-50,20.5,0.007
0.322,42,-49.5,20.5,0.0075
0.33,43,-48.9,20.5,0.0075
0.3385,44,-48.3,20.5,0.007
0.347,45,-47.7,20.5,0.007
0.3545,46,-47.1,20.5,0.007
0.363,47,-46.4,20.5,0.0075
0.3715,48,-45.9,20.5,0.0075
0.38,49,-45,20.5,0.0075
0.3885,50,-44.3,20.5,0.007
0.397,51,-43.4,20.5,0.007
0.4045,52,-42.7,20.5,0.007
0.413,53,-41.8,20.5,0.0075
0.4215,54,-40.9,20.5,0.0075
0.4295,55,-40,20.5,0.0075
0.438,56,-38.9,20.5,0.007
0.4465,57,-37.8,20.5,0.007
0.454,58,-36.7,20.5,0.007
0.4625,59,-35.4,20.5,0.0075
0.471,60,-34.2,20.5,0.0075
0.4795,61,-32.7,20.5,0.0075
0.488,62,-31.1,20.5,0.007
0.496,63,-29.6,20.5,0.0065
0.504,64,-28.1,20.5,0.0075
0.512,65,-26.2,20.5,0.0075
0.5205,66,-24.4,20.5,0.0075
0.529,67,-22.4,20.5,0.0075
0.5375,68,-20.5,20.5,0.007
0.546,69,-18.6,20.5,0.007
0.5535,70,-17,20.5,0.007
0.562,71,-15.4,20.5,0.0075
0.5705,72,-14.1,20.5,0.0075
0.5785,73,-12.8,20.5,0.0075
0.587,74,-11.7,20.5,0.007
0.5955,75,-10.7,20.5,0.007
0.603,76,-9.8,20.5,0.007
0.6115,77,-8.9,20.5,0.0075
0.62,78,-7.8,20.5,0.0075
0.6285,79,-7,20.5,0.0075
0.637,80,-5.8,20.5,0.007
0.645,81,-5,20.5,0.0065
0.653,82,-4.2,20.5,0.0075
0.661,83,-3.2,20.5,0.0075
0.6695,84,-2.2,20.5,0.0075
0.678,85,-1.2,20.5,0.0075
0.6865,86,-0.1,20.5,0.007
0.695,87,0,20.5,0.007
0.7025,88,0.5,20.5,0.007
0.711,89,1.3,20.5,0.0075
0.7195,90,2.1,20.5,0.0075
0.728,91,2.9,20.5,0.0075
0.736,92,3.7,20.5,0.0065
0.7445,93,4.3,20.5,0.0075
0.752,94,5.1,20.5,0.007
0.7605,95,5.8,20.5,0.0075
0.769,96,6.5,20.5,0.0075
0.7775,97,7.1,20.5,0.007
0.786,98,7.9,20.5,0.007
0.7945,99,8.7,20.5,0.0075
0.802,100,9.9,20.5,0.007
0.8105,101,10.7,20.5,0.0075
0.819,102,11.3,20.5,0.0075
0.827,103,11.9,20.5,0.0065
0.8355,104,12.5,20.5,0.007
0.843,105,13.2,20.5,0.007
0.8515,106,14,20.5,0.0075
0.86,107,14.8,20.5,0.0075
0.8685,108,16,20.5,0.0075
0.877,109,16.8,20.5,0.007
0.8855,110,17.6,20.5,0.007
0.893,111,18.3,20.5,0.007
0.9015,112,19.1,20.5,0.0075
0.9095,113,19.7,20.5,0.0075
0.918,114,20.3,20.5,0.0075
0.9265,115,20.9,20.6,0.007
0.935,116,21.6,20.6,0.007
0.9425,117,22.4,20.5,0.007
0.951,118,23.1,20.6,0.0075
0.9595,119,23.8,20.6,0.0075
0.968,120,24.3,20.5,0.0075
0.9765,121,25,20.6,0.007
0.9845,122,25.5,20.6,0.0065
0.9925,123,26,20.6,0.0075
1.0005,124,26.8,20.6,0.0075
1.009,125,27.5,20.6,0.0075
1.0175,126,28.1,20.6,0.0075
1.026,127,28.8,20.6,0.007
1.0345,128,29.6,20.6,0.007
1.042,129,30.2,20.6,0.007
1.0505,130,31,20.6,0.0075
1.059,131,32,20.6,0.0075
1.067,132,32.6,20.6,0.0075
1.0755,133,33.2,20.6,0.007
1.084,134,33.7,20.6,0.007
1.0915,135,34.4,20.6,0.007
1.1,136,35,20.6,0.0075
1.1085,137,35.7,20.6,0.0075
1.117,138,36.4,20.6,0.0075
1.1255,139,37.1,20.6,0.007
1.1335,140,38.2,20.6,0.0065
1.1415,141,38.7,20.6,0.0075
1.1495,142,39.3,20.6,0.0075
1.158,143,39.9,20.6,0.0075
1.1665,144,40.6,20.6,0.0075
1.175,145,41.4,20.6,0.007
1.1835,146,42.4,20.6,0.007
1.191,147,43.2,20.6,0.007
1.1995,148,43.9,20.6,0.0075
1.208,149,44.7,20.6,0.0075
1.216,150,45.4,20.6,0.0075
1.2245,151,46.1,20.6,0.007
1.233,152,46.8,20.6,0.007
1.2405,153,47.9,20.6,0.007
1.249,154,48.5,20.6,0.0075
1.2575,155,49.3,20.6,0.0075
1.266,156,50.4,20.6,0.0075
1.2745,157,51.1,20.6,0.007
1.2825,158,52,20.6,0.0065
1.2905,159,53,20.6,0.0075
1.2985,160,53.8,20.6,0.0075
1.307,161,55.2,20.6,0.0075
1.3155,162,55.7,20.6,0.0075
1.324,163,56.4,20.6,0.007
1.3325,164,57.2,20.6,0.007
1.34,165,57.8,20.6,0.007
1.3485,166,58.6,20.6,0.0075
1.357,167,59.4,20.6,0.0075
1.365,168,60.5,20.6,0.0075
1.3735,169,61.5,20.6,0.007
1.382,170,62.8,20.6,0.007
1.3895,171,63.6,20.6,0.007
1.398,172,64.7,20.6,0.0075
1.4065,173,65.6,20.6,0.0075
1.415,174,66.8,20.6,0.0075
1.4235,175,67.9,20.6,0.007
1.432,176,69.1,20.6,0.007
1.4395,177,70.1,20.6,0.007
1.448,178,71.4,20.6,0.0075
1.456,179,72.8,20.6,0.0065
1.4645,180,74.2,20.6,0.0075
1.473,181,75.5,20.6,0.007
1.4815,182,76.7,20.6,0.0075
1.489,183,78.2,20.6,0.007
1.4975,184,79.4,20.6,0.0075
1.506,185,80.9,20.6,0.0075
1.5145,186,82.5,20.6,0.0075
1.5225,187,84,20.6,0.0065
1.531,188,85.7,20.6,0.007
1.5385,189,87.3,20.6,0.007
1.547,190,89.5,20.6,0.0075
1.5555,191,91.3,20.6,0.0075
1.564,192,93.1,20.6,0.0075
1.5725,193,95.3,20.6,0.007
1.581,194,97.8,20.6,0.007
1.5885,195,100.1,20.6,0.007
1.597,196,102.8,20.6,0.0075
1.605,197,105.3,20.6,0.0075
1.6135,198,108.2,20.6,0.0075
1.622,199,111.5,20.6,0.007
1.6305,200,114.7,20.6,0.007
1.638,201,117.7,20.6,0.007
1.6465,202,121.3,20.6,0.0075
1.655,203,124.9,20.6,0.0075
1.6635,204,128.7,20.6,0.0075
1.672,205,132.3,20.6,0.007
1.68,206,136.1,20.6,0.0065
1.688,207,139.3,20.6,0.0075
1.696,208,142.9,20.6,0.0075
1.7045,209,146.2,20.6,0.0075
1.713,210,149.4,20.6,0.0075
1.7215,211,152.6,20.6,0.007
1.73,212,155.7,20.6,0.007
1.7375,213,158.4,20.6,0.007
1.746,214,161.3,20.6,0.0075
1.7545,215,164.2,20.6,0.0075
1.7625,216,166.8,20.6,0.0065
1.771,217,169.4,20.6,0.007
1.7795,218,171.9,20.6,0.007
1.787,219,173.9,20.6,0.007
1.7955,220,176.1,20.6,0.0075
1.804,221,178.2,20.6,0.0075
1.8125,222,180.1,20.6,0.0075
1.821,223,182.1,20.6,0.007
1.8295,224,183.7,20.6,0.0075
1.8365,225,185,20.6,0.0065
1.8365,465,195.2,20.6,0
1.837,466,195.2,20.6,0.0005
1.8385,467,195.2,20.6,0.0015
1.841,468,195.2,20.6,0.002
1.845,469,195.4,20.6,0.0035
1.851,470,195.7,20.6,0.005
1.8595,471,196.3,20.6,0.007
1.867,472,196.9,20.6,0.007
1.8755,473,197.7,20.6,0.0075
1.884,474,198.4,20.6,0.0075
1.892,475,199.3,20.6,0.0065
1.9005,476,200.1,20.6,0.007
1.909,477,200.9,20.6,0.007
1.9165,478,201.6,20.6,0.007
1.925,479,202.3,20.6,0.0075
1.9335,480,203,20.6,0.0075
1.942,481,203.8,20.6,0.007
1.9505,482,204.6,20.6,0.007
1.9585,483,205.3,20.6,0.0065
1.9665,484,205.8,20.6,0.0075
1.9745,485,206.5,20.6,0.0075
1.983,486,207.2,20.6,0.0075
1.9915,487,207.8,20.6,0.007
2,488,208.4,20.6,0.007
2.0085,489,209,20.6,0.007
2.016,490,209.5,20.6,0.007
2.0245,491,210.1,20.6,0.0075
2.033,492,210.6,20.6,0.007
2.0415,493,211.2,20.6,0.007
2.0495,494,211.8,20.6,0.0065
2.058,495,212.3,20.6,0.007
2.0655,496,212.8,20.6,0.007
2.074,497,213.2,20.6,0.0075
2.0825,498,213.8,20.7,0.0075
2.091,499,214.3,20.6,0.007
2.0995,500,214.8,20.6,0.007
2.108,501,215.3,20.6,0.007
2.1155,502,215.7,20.6,0.007
2.124,503,216.1,20.7,0.0075
2.132,504,216.6,20.7,0.0075
2.1405,505,217,20.7,0.007
2.149,506,217.4,20.7,0.007
2.1575,507,217.9,20.7,0.007
2.165,508,218.2,20.7,0.007
2.1735,509,218.6,20.7,0.0075
2.182,510,219.1,20.7,0.0075
2.1905,511,219.5,20.7,0.007
2.1985,512,219.8,20.7,0.0065
2.207,513,220.2,20.7,0.007
2.2145,514,220.5,20.7,0.007
2.223,515,221,20.7,0.0075
2.2315,516,221.3,20.7,0.0075
2.24,517,221.7,20.7,0.007
2.2485,518,222,20.7,0.007
2.257,519,222.4,20.7,0.007
2.2645,520,222.7,20.7,0.007
2.273,521,223,20.7,0.0075
2.281,522,223.3,20.7,0.0075
2.2895,523,223.7,20.7,0.007
2.298,524,224,20.7,0.007
2.3065,525,224.4,20.7,0.007
2.314,526,224.7,20.7,0.007
2.3225,527,225.2,20.7,0.0075
2.331,528,225.4,20.7,0.007
2.3395,529,225.6,20.7,0.007
2.348,530,226,20.7,0.007
2.356,531,226.3,20.7,0.0065
2.364,532,226.5,20.7,0.0075
2.372,533,226.8,20.7,0.0075
2.3805,534,227.1,20.7,0.0075
2.389,535,227.4,20.7,0.007
2.3975,536,227.7,20.7,0.007
2.406,537,227.9,20.7,0.0075
2.4135,538,228.2,20.7,0.007
2.422,539,228.5,20.7,0.0075
2.4305,540,228.7,20.7,0.007
2.4385,541,229,20.7,0.0065
2.447,542,229.3,20.7,0.007
2.4555,543,229.5,20.7,0.0075
2.463,544,229.7,20.7,0.007
2.4715,545,230,20.7,0.0075
2.48,546,230.3,20.7,0.007
2.4885,547,230.6,20.7,0.007
2.497,548,230.8,20.7,0.007
2.5055,549,231,20.7,0.0075
2.513,550,231.4,20.7,0.007
2.5215,551,231.6,20.7,0.0075
2.5295,552,231.8,20.7,0.0065
2.538,553,232,20.7,0.007
2.5465,554,232.3,20.7,0.007
2.555,555,232.5,20.7,0.0075
2.5625,556,232.7,20.7,0.007
2.571,557,233,20.7,0.0075
2.5795,558,233.2,20.7,0.007
2.588,559,233.4,20.7,0.007
2.596,560,233.7,20.7,0.0065
2.6045,561,233.9,20.7,0.0075
2.612,562,234.1,20.7,0.007
2.6195,563,234.3,20.7,0.007
2.624,564,234.5,20.7,0.0035
2.625,565,234.6,20.7,0.001
2.626,566,234.7,20.7,0.001
2.6275,567,234.7,20.7,0.0015
2.629,568,234.8,20.7,0.0015
2.632,569,234.8,20.7,0.0025
2.636,570,234.9,20.7,0.0035
2.642,571,235,20.7,0.005
2.6465,572,235,20.7,0.005
Scope 1/1, Sample 8/9 (20160805_Bin8),,,
Result,TitrationEP1,,,
V,t,E,T,dV/dt
0,0,-51.1,20.4,NaN
0.0005,1,-52.9,20.4,0.0005
0.0025,2,-53.4,20.4,0.002
0.005,3,-53.8,20.4,0.0025
0.009,4,-54.2,20.4,0.0035
0.015,5,-54.5,20.4,0.0055
0.0235,6,-54.9,20.4,0.0075
0.031,7,-55.1,20.4,0.0075
0.0395,8,-55.2,20.4,0.0085
0.048,9,-55.5,20.4,0.0075
0.0565,10,-55.5,20.4,0.0075
0.065,11,-55.6,20.4,0.0075
0.0725,12,-55.7,20.4,0.0075
0.081,13,-55.7,20.4,0.0085
0.0895,14,-55.8,20.4,0.0085
0.098,15,-55.8,20.4,0.0075
0.106,16,-55.8,20.4,0.0075
0.1145,17,-55.8,20.4,0.0075
0.122,18,-55.7,20.4,0.0075
0.1305,19,-55.7,20.4,0.0085
0.139,20,-55.6,20.4,0.0085
0.1475,21,-55.5,20.4,0.0075
0.156,22,-55.3,20.4,0.0075
0.1645,23,-55.2,20.4,0.0075
0.1725,24,-55,20.4,0.008
0.18,25,-54.8,20.4,0.0075
0.1885,26,-54.6,20.4,0.0085
0.197,27,-54.5,20.4,0.0075
0.2055,28,-54.2,20.4,0.0075
0.214,29,-53.9,20.4,0.0075
0.2215,30,-53.7,20.4,0.0075
0.23,31,-53.5,20.4,0.0085
0.2385,32,-53.2,20.4,0.0085
0.247,33,-52.8,20.4,0.0075
0.255,34,-52.4,20.4,0.0075
0.2635,35,-52.1,20.4,0.0075
0.272,36,-51.8,20.4,0.0085
0.2795,37,-51.4,20.4,0.0075
0.288,38,-51,20.4,0.0085
0.2965,39,-50.5,20.4,0.0075
0.305,40,-50.1,20.4,0.0075
0.3135,41,-49.6,20.4,0.0075
0.3215,42,-49.2,20.4,0.008
0.3295,43,-48.6,20.4,0.008
0.3375,44,-48,20.4,0.008
0.346,45,-47.5,20.4,0.0075
0.3545,46,-46.9,20.4,0.0075
0.363,47,-46.2,20.4,0.0075
0.3715,48,-45.6,20.4,0.0085
0.379,49,-44.9,20.4,0.0075
0.3875,50,-44.2,20.4,0.0085
0.396,51,-43.4,20.4,0.0075
0.404,52,-42.6,20.4,0.0075
0.4125,53,-41.8,20.4,0.0075
0.4205,54,-41,20.4,0.008
0.4285,55,-40,20.4,0.008
0.437,56,-39,20.4,0.0085
0.4455,57,-37.9,20.4,0.0075
0.454,58,-36.8,20.4,0.0075
0.4625,59,-35.6,20.4,0.0075
0.47,60,-34.5,20.4,0.0075
0.4785,61,-33.2,20.4,0.0085
0.487,62,-31.8,20.4,0.0075
0.4955,63,-30.3,20.4,0.0075
0.5035,64,-28.6,20.4,0.0075
0.512,65,-27.1,20.4,0.0085
0.5195,66,-25.3,20.4,0.0075
0.528,67,-23.4,20.4,0.0085
0.5365,68,-21.4,20.4,0.0075
0.545,69,-19.5,20.4,0.0075
0.5535,70,-17.8,20.4,0.0075
0.562,71,-16.3,20.4,0.0085
0.5695,72,-14.8,20.4,0.0075
0.578,73,-13.4,20.4,0.0085
0.586,74,-12.2,20.4,0.0075
0.5945,75,-11,20.4,0.0075
0.603,76,-10,20.4,0.0075
0.6115,77,-9.1,20.4,0.0085
0.619,78,-8,20.4,0.0075
0.6275,79,-6.9,20.4,0.0085
0.636,80,-5.9,20.4,0.0075
0.6445,81,-5.1,20.4,0.0075
0.653,82,-4.3,20.4,0.0075
0.661,83,-3.3,20.4,0.008
0.6685,84,-2.4,20.4,0.0075
0.677,85,-1.3,20.4,0.0085
0.6855,86,-0.2,20.4,0.0075
0.694,87,0.1,20.4,0.0075
0.7025,88,1,20.4,0.0075
0.711,89,1.6,20.4,0.0085
0.7185,90,2.3,20.4,0.0075
0.727,91,3.2,20.4,0.0085
0.735,92,3.8,20.4,0.0075
0.7435,93,4.5,20.4,0.0075
0.752,94,5.2,20.4,0.0075
0.7605,95,5.9,20.4,0.0075
0.768,96,6.4,20.4,0.0075
0.7765,97,7.1,20.4,0.0085
0.785,98,7.7,20.4,0.0075
0.7935,99,8.5,20.4,0.0075
0.802,100,9.2,20.4,0.0075
0.81,101,9.8,20.5,0.008
0.818,102,10.7,20.5,0.008
0.826,103,11.4,20.5,0.008
0.8345,104,12.1,20.5,0.0075
0.843,105,13,20.4,0.0075
0.8515,106,13.8,20.5,0.0075
0.86,107,14.7,20.5,0.0085
0.8675,108,15.9,20.5,0.0075
0.876,109,16.4,20.5,0.0085
0.8845,110,16.9,20.5,0.0075
0.8925,111,17.9,20.5,0.0075
0.901,112,18.5,20.5,0.0075
0.9095,113,19.2,20.5,0.0085
0.917,114,20.6,20.5,0.0075
0.9255,115,21.1,20.5,0.0085
0.934,116,21.7,20.5,0.0075
0.9425,117,22.1,20.5,0.0075
0.951,118,22.7,20.5,0.0075
0.9585,119,23.3,20.5,0.0075
0.967,120,23.9,20.5,0.0085
0.975,121,24.6,20.5,0.008
0.9835,122,25.2,20.5,0.0075
0.992,123,25.7,20.5,0.0075
1.0005,124,26.7,20.5,0.0075
1.008,125,27.2,20.5,0.0075
1.0165,126,28,20.5,0.0085
1.025,127,28.7,20.5,0.0085
1.0335,128,29.3,20.5,0.0075
1.042,129,30,20.5,0.0075
1.05,130,30.7,20.5,0.0075
1.058,131,31.2,20.5,0.008
1.066,132,32,20.5,0.008
1.0745,133,32.8,20.5,0.0085
1.083,134,33.4,20.5,0.0075
1.0915,135,34,20.5,0.0075
1.1,136,34.7,20.5,0.0075
1.1075,137,35.5,20.5,0.0075
1.116,138,36.1,20.5,0.0085
1.1245,139,36.8,20.5,0.0075
1.133,140,37.6,20.5,0.0075
1.141,141,38.6,20.5,0.0075
1.1495,142,39.2,20.5,0.0075
1.157,143,40,20.5,0.0075
1.1655,144,40.6,20.5,0.0085
1.174,145,41.3,20.5,0.0085
1.1825,146,42.1,20.5,0.0075
1.191,147,43.3,20.5,0.0075
1.1995,148,44,20.5,0.0075
1.207,149,44.8,20.5,0.0075
1.2155,150,45.5,20.5,0.0085
1.2235,151,46.1,20.5,0.008
1.232,152,46.8,20.5,0.0075
1.2405,153,47.5,20.5,0.0075
1.249,154,48.3,20.5,0.0075
1.2565,155,49,20.5,0.0075
1.265,156,49.7,20.5,0.0085
1.2735,157,50.6,20.5,0.0085
1.282,158,51.5,20.5,0.0075
1.29,159,52.4,20.5,0.0075
1.2985,160,53.2,20.5,0.0075
1.306,161,53.9,20.5,0.0075
1.3145,162,54.7,20.5,0.0085
1.323,163,55.5,20.5,0.0075
1.3315,164,56.7,20.5,0.0075
1.34,165,57.7,20.5,0.0075
1.3485,166,58.6,20.5,0.0075
1.356,167,59.5,20.5,0.0075
1.3645,168,60.3,20.5,0.0085
1.3725,169,61.3,20.5,0.008
1.381,170,62.4,20.5,0.0075
1.3895,171,63.5,20.5,0.0075
1.398,172,64.5,20.5,0.0075
1.4055,173,65.6,20.5,0.0075
1.414,174,66.9,20.5,0.0085
1.4225,175,68.1,20.5,0.0075
1.431,176,69,20.5,0.0075
1.4395,177,70.1,20.5,0.0075
1.4475,178,71.2,20.5,0.008
1.4555,179,72.4,20.5,0.008
1.4635,180,73.8,20.5,0.008
1.472,181,74.9,20.5,0.0075
1.4805,182,76.1,20.5,0.0075
1.489,183,77.7,20.5,0.0075
1.4965,184,79.2,20.5,0.0075
1.505,185,81,20.5,0.0085
1.5135,186,82.4,20.5,0.0085
1.522,187,84.1,20.5,0.0075
1.5305,188,85.7,20.5,0.0075
1.5385,189,87.5,20.5,0.0075
1.5465,190,89.2,20.5,0.008
1.5545,191,91.3,20.5,0.008
1.563,192,93.5,20.5,0.0085
1.5715,193,95.9,20.5,0.0075
1.58,194,98.3,20.5,0.0075
1.5885,195,101,20.5,0.0075
1.596,196,103.2,20.5,0.0075
1.6045,197,106,20.5,0.0085
1.613,198,109.3,20.5,0.0085
1.621,199,112.8,20.5,0.0075
1.6295,200,116,20.5,0.0075
1.638,201,119.4,20.5,0.0075
1.6455,202,122.5,20.5,0.0075
1.654,203,126.2,20.5,0.0085
1.6625,204,130.2,20.5,0.0085
1.671,205,133.5,20.5,0.0075
1.6795,206,137.2,20.5,0.0075
1.6875,207,140.7,20.5,0.0075
1.6955,208,143.8,20.5,0.008
1.704,209,147.1,20.5,0.0085
1.712,210,150.5,20.5,0.0075
1.7205,211,153.7,20.5,0.0075
1.729,212,156.8,20.5,0.0075
1.7375,213,159.7,20.5,0.0075
1.745,214,162.2,20.5,0.0075
1.7535,215,165.1,20.5,0.0085
1.762,216,167.7,20.5,0.0085
1.77,217,170.3,20.5,0.0075
1.7785,218,172.6,20.5,0.0075
1.787,219,174.9,20.5,0.0075
1.7945,220,176.8,20.5,0.0075
1.803,221,178.9,20.5,0.0085
1.8115,222,180.8,20.5,0.0085
1.82,223,182.6,20.5,0.0075
1.8285,224,184.5,20.5,0.0075
1.8335,225,185.2,20.5,0.007
1.8335,465,195.5,20.6,0
1.834,466,195.5,20.6,0.0005
1.8355,467,195.5,20.6,0.002
1.838,468,195.6,20.6,0.003
1.842,469,195.7,20.6,0.0045
1.8485,470,196.1,20.6,0.007
1.857,471,196.6,20.6,0.0095
1.8645,472,197.2,20.6,0.0095
1.873,473,198,20.6,0.0105
1.8815,474,198.8,20.6,0.0105
1.8895,475,199.6,20.6,0.009
1.898,476,200.3,20.6,0.0095
1.9065,477,201,20.6,0.0105
1.914,478,201.8,20.6,0.0095
1.9225,479,202.5,20.6,0.0105
1.931,480,203.3,20.6,0.0095
1.9395,481,204,20.6,0.0095
1.948,482,204.7,20.6,0.0095
1.956,483,205.4,20.6,0.009
1.964,484,206,20.6,0.01
1.9725,485,206.6,20.6,0.0105
1.9805,486,207.3,20.6,0.009
1.989,487,207.9,20.6,0.0095
1.9975,488,208.5,20.6,0.0095
2.006,489,209.1,20.6,0.0095
2.0135,490,209.7,20.6,0.0095
2.022,491,210.2,20.6,0.0105
2.0305,492,210.8,20.6,0.0105
2.0385,493,211.4,20.6,0.009
2.047,494,211.9,20.6,0.0095
2.0555,495,212.5,20.6,0.0095
2.063,496,212.9,20.6,0.0095
2.0715,497,213.4,20.6,0.0105
2.08,498,213.8,20.6,0.0105
2.0885,499,214.3,20.6,0.0095
2.097,500,214.8,20.6,0.0095
2.105,501,215.2,20.6,0.009
2.113,502,215.6,20.6,0.01
2.121,503,216.1,20.6,0.01
2.1295,504,216.5,20.6,0.0105
2.138,505,217,20.6,0.0095
2.1465,506,217.5,20.6,0.0095
2.155,507,217.9,20.6,0.0095
2.1625,508,218.3,20.6,0.0095
2.171,509,218.8,20.6,0.0105
2.1795,510,219.1,20.6,0.0105
2.188,511,219.5,20.6,0.0095
2.196,512,219.9,20.6,0.009
2.2045,513,220.3,20.6,0.0095
2.212,514,220.6,20.6,0.0095
2.2205,515,221,20.6,0.0105
2.229,516,221.4,20.6,0.0105
2.2375,517,221.7,20.6,0.0095
2.246,518,222.1,20.6,0.0095
2.2545,519,222.4,20.6,0.0095
2.262,520,222.7,20.6,0.0095
2.2705,521,223,20.6,0.0105
2.279,522,223.4,20.6,0.0095
2.287,523,223.7,20.6,0.009
2.2955,524,224,20.6,0.0095
2.304,525,224.3,20.6,0.0105
2.3115,526,224.7,20.6,0.0095
2.32,527,225,20.6,0.0105
2.3285,528,225.2,20.6,0.0095
2.337,529,225.5,20.6,0.0095
2.3455,530,225.9,20.6,0.0095
2.3535,531,226.2,20.6,0.01
2.3615,532,226.5,20.6,0.01
2.3695,533,226.8,20.6,0.01
2.378,534,227.1,20.6,0.0095
2.3865,535,227.3,20.6,0.0095
2.395,536,227.6,20.6,0.0095
2.4025,537,227.9,20.6,0.0095
2.411,538,228.2,20.6,0.0105
2.4195,539,228.4,20.6,0.0105
2.428,540,228.7,20.6,0.0095
2.4365,541,229,20.6,0.0095
2.4445,542,229.3,20.6,0.009
2.452,543,229.5,20.6,0.0095
2.4605,544,229.8,20.6,0.0105
2.469,545,230,20.6,0.0105
2.4775,546,230.3,20.6,0.0095
2.486,547,230.5,20.6,0.0095
2.4945,548,230.7,20.6,0.0095
2.502,549,231,20.6,0.0095
2.5105,550,231.2,20.6,0.0105
2.519,551,231.5,20.6,0.0105
2.527,552,231.7,20.6,0.009
2.5355,553,232,20.6,0.0095
2.544,554,232.2,20.6,0.0095
2.5515,555,232.3,20.6,0.0095
2.56,556,232.6,20.6,0.0105
2.5685,557,232.9,20.6,0.0105
2.577,558,233.2,20.6,0.0095
2.5855,559,233.4,20.6,0.0095
2.594,560,233.5,20.6,0.0105
2.6015,561,233.8,20.6,0.0095
2.6095,562,234.1,20.6,0.01
2.617,563,234.2,20.6,0.0085
2.6235,564,234.4,20.6,0.007
2.625,565,234.6,20.6,0.0015
2.625,566,234.7,20.6,0
2.626,567,234.7,20.6,0.001
2.627,568,234.7,20.6,0.001
2.629,569,234.7,20.6,0.002
2.6315,570,234.8,20.6,0.003
2.6355,571,234.8,20.6,0.0045
2.6405,572,234.9,20.6,0.006
2.646,573,235.1,20.6,0.006
Scope 1/1, Sample 9/9 (20160805_Bin9),,,
Result,TitrationEP1,,,
V,t,E,T,dV/dt
0,0,-47.9,20.4,NaN
0.0005,1,-49.9,20.4,0.0005
0.0025,2,-50.3,20.4,0.002
0.005,3,-50.7,20.4,0.002
0.009,4,-51.1,20.4,0.0035
0.0155,5,-51.5,20.4,0.0055
0.024,6,-51.7,20.4,0.007
0.0315,7,-51.9,20.4,0.007
0.04,8,-52.1,20.4,0.0075
0.0485,9,-52.3,20.4,0.007
0.0565,10,-52.4,20.4,0.0065
0.065,11,-52.5,20.4,0.007
0.0735,12,-52.5,20.4,0.0075
0.081,13,-52.6,20.4,0.007
0.0895,14,-52.6,20.4,0.0075
0.098,15,-52.6,20.4,0.007
0.1065,16,-52.6,20.4,0.007
0.115,17,-52.5,20.4,0.007
0.123,18,-52.5,20.4,0.0075
0.131,19,-52.4,20.4,0.0075
0.139,20,-52.4,20.4,0.0075
0.1475,21,-52.2,20.4,0.007
0.156,22,-52.1,20.4,0.007
0.1645,23,-51.9,20.4,0.007
0.172,24,-51.8,20.4,0.007
0.1805,25,-51.6,20.4,0.0075
0.189,26,-51.4,20.4,0.0075
0.1975,27,-51.2,20.4,0.007
0.2055,28,-50.9,20.4,0.0065
0.214,29,-50.7,20.4,0.007
0.2225,30,-50.4,20.4,0.0075
0.23,31,-50.2,20.4,0.007
0.2385,32,-49.9,20.4,0.0075
0.247,33,-49.5,20.4,0.007
0.2555,34,-49.2,20.4,0.007
0.264,35,-48.8,20.4,0.007
0.2715,36,-48.4,20.4,0.007
0.28,37,-48,20.4,0.0075
0.2885,38,-47.5,20.4,0.007
0.2965,39,-47.1,20.4,0.0065
0.305,40,-46.6,20.4,0.007
0.3135,41,-46.1,20.4,0.007
0.321,42,-45.7,20.4,0.007
0.3295,43,-45.1,20.4,0.0075
0.338,44,-44.5,20.4,0.007
0.3465,45,-43.9,20.4,0.007
0.355,46,-43.2,20.4,0.007
0.3635,47,-42.6,20.4,0.0075
0.371,48,-41.8,20.4,0.007
0.3795,49,-41.1,20.4,0.007
0.3875,50,-40.4,20.4,0.0065
0.396,51,-39.5,20.4,0.007
0.4045,52,-38.7,20.4,0.007
0.413,53,-37.9,20.4,0.0075
0.4205,54,-36.9,20.4,0.007
0.429,55,-35.9,20.4,0.0075
0.4375,56,-34.8,20.4,0.007
0.446,57,-33.6,20.4,0.007
0.4545,58,-32.4,20.4,0.007
0.4625,59,-31.2,20.4,0.0075
0.47,60,-29.7,20.4,0.007
0.4785,61,-28.2,20.4,0.0075
0.487,62,-26.6,20.4,0.007
0.4955,63,-24.9,20.4,0.007
0.504,64,-23.2,20.4,0.007
0.5125,65,-21.6,20.4,0.0075
0.52,66,-19.7,20.4,0.007
0.5285,67,-17.8,20.4,0.0075
0.537,68,-16,20.4,0.007
0.545,69,-14.3,20.4,0.0065
0.5535,70,-12.8,20.4,0.007
0.562,71,-11.7,20.4,0.0075
0.5695,72,-10.6,20.4,0.007
0.578,73,-9.5,20.4,0.0075
0.5865,74,-8.5,20.4,0.007
0.595,75,-7.5,20.4,0.007
0.6035,76,-6.5,20.4,0.007
0.6115,77,-5.7,20.4,0.0075
0.6195,78,-4.6,20.4,0.0075
0.6275,79,-3.4,20.4,0.0075
0.636,80,-2.5,20.4,0.007
0.6445,81,-1.5,20.4,0.007
0.653,82,-0.4,20.4,0.007
0.6605,83,-0.1,20.4,0.007
0.669,84,0.3,20.4,0.0075
0.6775,85,1,20.4,0.007
0.686,86,1.7,20.4,0.007
0.6945,87,2.3,20.4,0.007
0.7025,88,3,20.4,0.0065
0.71,89,3.7,20.4,0.007
0.7185,90,4.4,20.4,0.0075
0.727,91,5.2,20.4,0.0075
0.7355,92,5.9,20.4,0.007
0.744,93,6.6,20.4,0.007
0.7525,94,7.2,20.4,0.007
0.76,95,7.8,20.4,0.007
0.7685,96,8.6,20.4,0.0075
0.777,97,9.4,20.4,0.007
0.785,98,10.2,20.4,0.0065
0.7935,99,10.9,20.4,0.007
0.802,100,11.6,20.4,0.007
0.8095,101,12.2,20.4,0.007
0.818,102,13,20.4,0.0075
0.8265,103,13.7,20.4,0.0075
0.835,104,14.4,20.4,0.007
0.8435,105,15,20.4,0.007
0.8515,106,15.6,20.4,0.0065
0.8595,107,16.2,20.4,0.0075
0.8675,108,16.9,20.4,0.0075
0.876,109,17.9,20.4,0.007
0.8845,110,18.6,20.4,0.007
0.893,111,19.2,20.4,0.007
0.9015,112,20,20.4,0.007
0.909,113,20.6,20.5,0.007
0.9175,114,21.2,20.4,0.0075
0.926,115,22.1,20.5,0.007
0.9345,116,22.6,20.4,0.007
0.9425,117,23.3,20.4,0.0065
0.951,118,23.9,20.4,0.0075
0.9585,119,24.5,20.5,0.007
0.967,120,25,20.4,0.0075
0.9755,121,25.6,20.5,0.007
0.984,122,26.3,20.5,0.007
0.9925,123,27.1,20.4,0.007
1,124,27.7,20.5,0.007
1.0085,125,28.3,20.4,0.0075
1.017,126,29,20.5,0.0075
1.0255,127,29.9,20.5,0.007
1.0335,128,30.5,20.5,0.0065
1.042,129,31.2,20.5,0.007
1.0495,130,32.1,20.5,0.007
1.058,131,32.7,20.5,0.0075
1.0665,132,33.2,20.5,0.007
1.075,133,34.1,20.5,0.007
1.0835,134,34.8,20.5,0.007
1.092,135,35.5,20.5,0.007
1.0995,136,36,20.5,0.007
1.108,137,37.1,20.5,0.0075
1.116,138,37.6,20.5,0.0075
1.1245,139,38.4,20.5,0.007
1.133,140,39.1,20.5,0.007
1.1415,141,39.8,20.5,0.007
1.149,142,40.4,20.5,0.007
1.1575,143,41.6,20.5,0.0075
1.166,144,42.3,20.5,0.0075
1.1745,145,42.8,20.5,0.007
1.1825,146,43.6,20.5,0.0065
1.191,147,44.1,20.5,0.007
1.1995,148,44.7,20.5,0.0075
1.207,149,45.6,20.5,0.007
1.2155,150,46.6,20.5,0.0075
1.224,151,47.3,20.5,0.007
1.2325,152,48.1,20.5,0.007
1.241,153,48.6,20.5,0.007
1.249,154,49.5,20.5,0.0075
1.257,155,50.3,20.5,0.0075
1.265,156,51.1,20.5,0.0075
1.2735,157,52.1,20.5,0.007
1.282,158,52.9,20.5,0.007
1.2905,159,53.5,20.5,0.007
1.299,160,54.2,20.5,0.0075
1.3065,161,55.1,20.5,0.007
1.315,162,56,20.5,0.0075
1.3235,163,56.7,20.5,0.007
1.3315,164,57.5,20.5,0.0065
1.34,165,58.4,20.5,0.007
1.348,166,59.2,20.5,0.0075
1.356,167,60,20.5,0.0075
1.3645,168,60.9,20.5,0.0075
1.373,169,61.7,20.5,0.007
1.3815,170,62.7,20.5,0.007
1.39,171,63.6,20.5,0.007
1.3985,172,64.7,20.5,0.0075
1.406,173,65.9,20.5,0.007
1.4145,174,67.1,20.5,0.0075
1.4225,175,68.1,20.5,0.0065
1.431,176,69.1,20.5,0.007
1.4395,177,70.1,20.5,0.007
1.447,178,71.1,20.5,0.007
1.4555,179,72.6,20.5,0.0075
1.464,180,73.8,20.5,0.0075
1.4725,181,74.9,20.5,0.007
1.481,182,76,20.5,0.007
1.489,183,77.4,20.5,0.0065
1.497,184,78.6,20.5,0.0075
1.505,185,80,20.5,0.0075
1.5135,186,81.5,20.5,0.0075
1.522,187,83.5,20.5,0.007
1.5305,188,85.5,20.5,0.007
1.539,189,87.2,20.5,0.007
1.5475,190,88.5,20.5,0.0075
1.555,191,90.6,20.5,0.007
1.5635,192,92.5,20.5,0.0075
1.5715,193,94.3,20.5,0.0065
1.58,194,96.3,20.5,0.007
1.5885,195,98.7,20.5,0.007
1.597,196,100.8,20.5,0.0075
1.6045,197,103.3,20.5,0.007
1.613,198,106.1,20.5,0.0075
1.6215,199,109,20.5,0.007
1.63,200,112,20.5,0.007
1.638,201,115.1,20.5,0.0065
1.646,202,118.3,20.5,0.0075
1.654,203,121.9,20.5,0.0075
1.6625,204,125.5,20.5,0.0075
1.671,205,128.7,20.5,0.007
1.6795,206,132.2,20.5,0.007
1.688,207,135.8,20.5,0.007
1.6955,208,138.9,20.5,0.007
1.704,209,142.3,20.5,0.0075
1.7125,210,145.8,20.5,0.0075
1.721,211,149.1,20.5,0.007
1.729,212,152.3,20.5,0.0065
1.7375,213,155.3,20.5,0.007
1.745,214,158.1,20.5,0.007
1.7535,215,160.8,20.5,0.0075
1.762,216,163.5,20.5,0.0075
1.7705,217,166.2,20.5,0.007
1.779,218,168.7,20.5,0.007
1.7875,219,171,20.5,0.007
1.7955,220,173.2,20.5,0.0075
1.803,221,175.3,20.5,0.007
1.8115,222,177.4,20.5,0.0075
1.82,223,179.4,20.5,0.007
1.8285,224,181.3,20.5,0.007
1.837,225,183.1,20.5,0.007
1.8445,226,184.7,20.5,0.007
1.848,226,185,20.5,0.007
1.848,467,195.2,20.6,0
1.8485,468,195.2,20.6,0.001
1.85,469,195.2,20.6,0.0025
1.8525,470,195.3,20.6,0.0035
1.8565,471,195.4,20.6,0.0055
1.863,472,195.8,20.6,0.0095
1.871,473,196.3,20.6,0.0115
1.8785,474,196.9,20.6,0.0125
1.887,475,197.7,20.6,0.014
1.8955,476,198.5,20.6,0.014
1.904,477,199.2,20.6,0.012
1.9125,478,200,20.6,0.012
1.921,479,200.8,20.6,0.012
1.9285,480,201.4,20.6,0.0125
1.937,481,202.2,20.6,0.014
1.945,482,203,20.6,0.0135
1.9535,483,203.7,20.6,0.012
1.962,484,204.3,20.6,0.012
1.9705,485,205,20.6,0.012
1.978,486,205.6,20.6,0.0125
1.9865,487,206.3,20.6,0.014
1.995,488,207,20.6,0.014
2.0035,489,207.6,20.6,0.012
2.0115,490,208.2,20.6,0.0115
2.02,491,208.7,20.6,0.012
2.0275,492,209.3,20.6,0.0125
2.036,493,209.8,20.6,0.014
2.0445,494,210.4,20.6,0.014
2.053,495,210.9,20.6,0.012
2.0615,496,211.5,20.6,0.012
2.07,497,212,20.6,0.012
2.0775,498,212.4,20.6,0.0125
2.086,499,212.9,20.6,0.014
2.0945,500,213.5,20.6,0.014
2.1025,501,213.9,20.6,0.0115
2.111,502,214.4,20.6,0.012
2.1195,503,214.9,20.6,0.012
2.127,504,215.3,20.6,0.0125
2.1355,505,215.8,20.6,0.014
2.144,506,216.2,20.6,0.014
2.1525,507,216.7,20.6,0.012
2.1605,508,217.1,20.6,0.0115
2.169,509,217.5,20.6,0.012
2.1765,510,217.9,20.6,0.0125
2.185,511,218.3,20.6,0.014
2.1935,512,218.7,20.6,0.014
2.202,513,219.1,20.6,0.012
2.2105,514,219.5,20.6,0.012
2.219,515,219.9,20.6,0.012
2.2265,516,220.3,20.6,0.0125
2.235,517,220.6,20.6,0.014
2.2435,518,221,20.6,0.014
2.2515,519,221.3,20.6,0.0115
2.26,520,221.7,20.6,0.012
2.2685,521,222,20.6,0.012
2.276,522,222.3,20.6,0.0125
2.2845,523,222.7,20.6,0.014
2.293,524,223,20.6,0.014
2.3015,525,223.4,20.6,0.012
2.31,526,223.7,20.6,0.012
2.318,527,224,20.6,0.0115
2.326,528,224.3,20.6,0.0135
2.334,529,224.6,20.6,0.0135
2.3425,530,224.9,20.6,0.014
2.351,531,225.2,20.6,0.012
2.3595,532,225.5,20.6,0.012
2.368,533,225.8,20.6,0.012
2.3755,534,226.1,20.6,0.0125
2.384,535,226.4,20.6,0.014
2.3925,536,226.7,20.6,0.014
2.4005,537,227,20.6,0.0115
2.409,538,227.3,20.6,0.012
2.4175,539,227.6,20.6,0.012
2.425,540,227.8,20.6,0.0125
2.4335,541,228.1,20.6,0.014
2.442,542,228.3,20.6,0.014
2.4505,543,228.6,20.6,0.012
2.459,544,228.9,20.6,0.012
2.467,545,229.2,20.6,0.0115
2.475,546,229.4,20.6,0.0135
2.4835,547,229.6,20.6,0.014
2.4915,548,229.9,20.6,0.0135
2.5,549,230.1,20.6,0.012
2.5085,550,230.3,20.6,0.012
2.517,551,230.7,20.6,0.012
2.5245,552,230.9,20.6,0.0125
2.533,553,231,20.6,0.014
2.5415,554,231.3,20.6,0.014
2.55,555,231.6,20.6,0.012
2.5585,556,231.8,20.6,0.012
2.5665,557,232.1,20.6,0.0135
2.574,558,232.3,20.6,0.0125
2.5825,559,232.6,20.6,0.014
2.591,560,232.8,20.6,0.014
2.5995,561,233,20.6,0.012
2.608,562,233.2,20.6,0.012
2.6165,563,233.4,20.6,0.012
2.624,564,233.6,20.6,0.0125
2.6325,565,233.8,20.6,0.014
2.6405,566,234.1,20.6,0.0115
2.649,567,234.3,20.6,0.012
2.655,568,234.5,20.6,0.0085
2.657,569,234.7,20.6,0.003
2.657,570,234.7,20.6,0
2.6575,571,234.8,20.6,0.001
2.659,572,234.8,20.6,0.0025
2.661,573,234.9,20.6,0.003
2.6635,574,234.9,20.6,0.0035
2.668,575,234.9,20.6,0.0065
2.6735,576,235,20.6,0.009
